Cleared_time,market_id,ACOPF_solved,cleared_price,cleared_quantity,cleared_DG1_output (kW),cleared_DG2_output (kW),social_welfare ($),planned_SubstationP (kW),expected_SubstationP (kW),total_uncontrollable_loads
2017-11-06-21:13:35,1,True,41.7663586031,0.00130549447727,136.919190725,88.2607019679,12.488914395,1921.76933598,1921.76933598,2131.2081840178903
2017-11-06-21:18:35,2,True,58.0039582052,0.00144715632615,93.5941307046,53.0675500157,6.72907966399,1410.4183068,1410.4183068,1548.4649434252997
2017-11-06-21:23:35,3,True,0.0,0.0,84.0585187957,45.3287024767,5.69099379331,1295.93009574,1295.93009574,1418.0805258258
2017-11-06-21:28:35,4,True,0.0,0.0,91.4637527679,51.3138666675,6.48852831475,1296.44395155,1296.44395155,1432.1369860766
2017-11-06-21:33:35,5,True,0.0,0.0,91.3368994679,51.2262835031,6.47536697239,1307.62751562,1307.62751562,1442.8451377274998
2017-11-06-21:38:35,6,True,0.0,0.0,109.434305223,65.8867401422,8.63375227619,1424.97853434,1424.97853434,1591.7985780674999
2017-11-06-21:43:35,7,True,0.0,0.0,91.7797000797,51.6032634316,6.52584724873,1419.08293503,1419.08293503,1554.0859297422999
2017-11-06-21:48:35,8,True,0.0,0.0,121.772287771,75.8828237921,10.2755342168,1438.56976806,1438.56976806,1627.2618926715002
2017-11-06-21:53:35,9,True,0.0,0.0,85.1254568148,46.2120596505,5.8041338895,1436.12832852,1436.12832852,1558.7362647422003
2017-11-06-21:58:35,10,True,0.0,0.0,116.07848175,71.2762251741,9.50117796962,1495.90780587,1495.90780587,1673.7072917805
2017-11-06-22:03:35,11,True,0.0,0.0,90.4681958804,50.5725796001,6.38230519928,1476.39979359,1476.39979359,1608.0661695940998
2017-11-06-22:08:35,12,True,0.0,0.0,103.278844335,60.8923106187,7.86573211779,1396.68500655,1396.68500655,1552.6693959102001
2017-11-06-22:13:35,13,True,0.0,0.0,103.483951907,61.1030732334,7.89377160813,1506.15339615,1506.15339615,1660.9312840087
2017-11-06-22:18:35,14,True,0.0,0.0,114.769553916,70.1889598621,9.32524808845,1359.4537188,1359.4537188,1536.4829227487
2017-11-06-22:23:35,15,True,0.0,0.0,125.742030417,79.0372497423,10.8282821893,1284.26846607,1284.26846607,1481.879636652
2017-11-06-22:28:35,16,True,0.0,0.0,71.5168302539,35.1699657878,4.45235379459,1245.81732687,1245.81732687,1345.9950358723
2017-11-06-22:33:35,17,True,0.0,0.0,96.9702653881,55.7511529998,7.11289383261,1197.26831502,1197.26831502,1343.8442774379
2017-11-06-22:38:35,18,True,0.0,0.0,102.053827225,59.8410065109,7.71318270662,1102.09467726,1102.09467726,1258.7008288398001
2017-11-06-22:43:35,19,True,0.0,0.0,107.685213968,64.3746600036,8.40552934329,1061.03756772,1061.03756772,1228.3643205309002
2017-11-06-22:48:35,20,True,0.0,0.0,69.2342632289,33.2723251043,4.23978500534,959.40113553,959.40113553,1057.9780157946
2017-11-06-22:53:35,21,True,0.0,0.0,79.5808309408,41.6248054727,5.22814018244,928.36486809,928.36486809,1045.8213597744
2017-11-06-22:58:35,22,True,0.0,0.0,69.4708339227,33.4478143978,4.26052066009,927.61822872,927.61822872,1026.9037874368
2017-11-06-23:03:35,23,True,0.0,0.0,65.724721964,30.4279565614,3.92598209286,931.87514412,931.87514412,1024.3108245317
2017-11-06-23:08:35,24,True,0.0,0.0,58.6591354482,24.7145110541,3.32870153722,905.56791957,905.56791957,985.4402106313
2017-11-06-23:13:35,25,True,0.0,0.0,66.2992469841,30.8787195336,3.97586303658,872.4611547,872.4611547,966.3693353580801
2017-11-06-23:18:35,26,True,0.0,0.0,63.6399716589,28.7313896685,3.74453849939,870.50548503,870.50548503,959.6069749346001
2017-11-06-23:23:35,27,True,0.0,0.0,64.0250382121,29.0453465707,3.77778318943,870.72818661,870.72818661,960.5257205976
2017-11-06-23:28:35,28,True,0.0,0.0,75.9901251154,38.6991694479,4.87275801611,837.66046356,837.66046356,949.3352820716001
2017-11-06-23:33:35,29,True,0.0,0.0,54.8794533274,21.6673102253,3.02872851072,890.15121045,890.15121045,963.2973617609
2017-11-06-23:38:35,30,True,0.0,0.0,70.632751961,34.4021787665,4.36776202533,938.0769588,938.0769588,1039.32512481531
2017-11-06-23:43:35,31,True,0.0,0.0,68.1217875735,32.3712223203,4.13913081179,946.40792967,946.40792967,1043.1228641766
2017-11-06-23:48:35,32,True,0.0,0.0,65.7676464926,30.475055256,3.93034876196,989.35832871,989.35832871,1081.3838276666
2017-11-06-23:53:35,33,True,0.0,0.0,92.8427570051,52.3645160055,6.63857253059,978.90724629,978.90724629,1120.012088226
2017-11-06-23:58:35,34,True,0.0,0.0,106.35050498,63.2634885294,8.2363109357,985.0789845,985.0789845,1150.4951952855001
2017-11-07-00:03:35,35,True,0.0,0.0,114.379515538,69.7670744964,9.26599028998,971.53394418,971.53394418,1151.5810329394003
2017-11-07-00:08:35,36,True,0.0,0.0,85.2600333079,46.2357557231,5.81330915331,1022.84903619,1022.84903619,1149.8825605064
2017-11-07-00:13:35,37,True,0.0,0.0,97.904040025,56.4481855061,7.21792061173,1024.62946425,1024.62946425,1174.4998383432
2017-11-07-00:18:35,38,True,0.0,0.0,90.3271156208,50.3594877321,6.36073373863,1072.89649152,1072.89649152,1208.5630992161998
2017-11-07-00:23:35,39,True,0.0,0.0,58.8479993968,24.8772250089,3.34452365979,1002.85388073,1002.85388073,1082.3453856920996
2017-11-07-00:28:35,40,True,0.0,0.0,80.1350499599,42.0857125469,5.28456453315,1013.02875495,1013.02875495,1131.0159646589
2017-11-07-00:33:35,41,True,0.0,0.0,85.9078329036,46.7452944252,5.88095544674,956.22712083,956.22712083,1084.986511737
2017-11-07-00:38:35,42,True,0.0,0.0,68.4950530395,32.6824706932,4.1732194511,1018.67724729,1018.67724729,1115.3604332252
2017-11-07-00:43:35,43,True,0.0,0.0,55.6283946629,22.2848032954,3.08749574726,984.9086568,984.9086568,1058.7127237031
2017-11-07-00:48:35,44,True,0.0,0.0,43.0792703511,20.0657256751,23.2847279683,947.26282248,947.26282248,1006.0493276004498
2017-11-07-00:53:35,45,True,0.0,0.0,80.1666598873,42.0963075659,5.28691504674,916.16401719,916.16401719,1034.84353143545
2017-11-07-00:58:35,46,True,0.0,0.0,64.9410732034,29.7901985655,3.85731337755,895.46370858,895.46370858,986.7502944739998
2017-11-07-01:03:35,47,True,0.0,0.0,61.4833686706,26.9939457707,3.56182015769,907.53078366,907.53078366,992.50800010947
2017-11-07-01:08:35,48,True,0.0,0.0,84.3622339271,45.4896236433,5.71785621461,926.20738116,926.20738116,1052.37252582547
2017-11-07-01:13:35,49,True,0.0,0.0,58.233998341,24.3727581109,3.2942967508,891.60890553,891.60890553,970.7904867732999
2017-11-07-01:18:35,50,True,0.0,0.0,73.1341618317,36.4046368276,4.60011677188,867.86190558,867.86190558,974.15069851686
2017-11-07-01:23:35,51,True,0.0,0.0,74.934814673,37.8721092647,4.77223626268,930.77950995,930.77950995,1039.9149281075001
2017-11-07-01:28:35,52,True,0.0,0.0,46.9435774499,20.0006145376,2.63129634457,903.50172621,903.50172621,966.9400167284998
2017-11-07-01:33:35,53,True,0.0,0.0,84.1867889436,45.3612883208,5.70029491396,937.71160776,937.71160776,1063.43842952762
2017-11-07-01:38:35,54,True,0.0,0.0,68.4368776438,32.6135888139,4.16688220564,946.84498488,946.84498488,1044.1100226439
2017-11-07-01:43:35,55,True,0.0,0.0,72.8088323952,36.1489701613,4.56982710224,911.5728786,911.5728786,1016.9999976539001
2017-11-07-01:48:35,56,True,0.0,0.0,57.843021904,24.0592562713,3.26282863622,934.16518143,934.16518143,1012.2580942471999
2017-11-07-01:53:35,57,True,0.0,0.0,64.1777554903,29.1807933334,3.79152511782,935.57112417,935.57112417,1025.1585338412901
2017-11-07-01:58:35,58,True,0.0,0.0,62.3685223484,27.7129333246,3.63657913264,944.5788414,944.5788414,1030.8135246134502
2017-11-07-02:03:35,59,True,0.0,0.0,72.9099857077,36.2267552492,4.57914580242,894.16669491,894.16669491,999.8895520364501
2017-11-07-02:08:35,60,True,0.0,0.0,46.3756669253,20.000590808,2.60920707614,959.17173327,959.17173327,1021.6127499333
2017-11-07-02:13:35,61,True,0.0,0.0,77.7767030882,40.1749257894,5.04918145668,958.91361678,958.91361678,1072.9921226479503
2017-11-07-02:18:35,62,True,0.0,0.0,75.9753757009,38.7197006768,4.87303868053,951.5131209,951.5131209,1062.3384058093998
2017-11-07-02:23:35,63,True,0.0,0.0,71.2855936549,34.9268503551,4.42796690797,958.51790964,958.51790964,1060.8545003294
2017-11-07-02:28:35,64,True,0.0,0.0,82.7967663785,44.2314921773,5.55565433286,961.66025685,961.66025685,1084.7321262951
2017-11-07-02:33:35,65,True,0.0,0.0,76.7639005364,39.3521231041,4.94953046076,956.71992924,956.71992924,1068.8861965974002
2017-11-07-02:38:35,66,True,0.0,0.0,55.1190385801,21.8654727996,3.04731655761,949.88271348,949.88271348,1022.98027914
2017-11-07-02:43:35,67,True,0.0,0.0,73.2774557531,36.5280066848,4.61427493475,909.15597333,909.15597333,1015.4217087716302
2017-11-07-02:48:35,68,True,0.0,0.0,76.5218882511,39.150665424,4.92560004396,923.54307138,923.54307138,1035.6112292089
2017-11-07-02:53:35,69,True,0.0,0.0,79.183284017,41.3084749691,5.18862196803,905.61426471,905.61426471,1022.5232893209
2017-11-07-02:58:35,70,True,0.0,0.0,95.7425455024,54.6782029257,6.96602023661,893.05725168,893.05725168,1040.0388704432003
2017-11-07-03:03:35,71,True,0.0,0.0,65.6672037301,30.3756849559,3.92065882706,895.55010579,895.55010579,988.1297582647
2017-11-07-03:08:35,72,True,0.0,0.0,60.8383336862,26.4770446297,3.50811379915,901.84843449,901.84843449,985.6508866268
2017-11-07-03:13:35,73,True,0.0,0.0,71.9973622996,35.5059366176,4.49440838268,964.73604186,964.73604186,1068.21718947966
2017-11-07-03:18:35,74,True,0.0,0.0,60.7659168187,26.4342689636,3.50280584395,1019.31253623,1019.31253623,1102.1355720776996
2017-11-07-03:23:35,75,True,0.0,0.0,70.7410831359,34.5084102974,4.37870054203,1095.0733161,1095.0733161,1195.2320744436101
2017-11-07-03:28:35,76,True,0.0,0.0,89.3721986327,49.564644994,6.25471843337,1081.52081856,1081.52081856,1215.4969400974996
2017-11-07-03:33:35,77,True,0.0,0.0,100.653970555,58.697616828,7.54441493424,1074.92187402,1074.92187402,1229.2863421439
2017-11-07-03:38:35,78,True,0.0,0.0,108.575032937,65.1103238918,8.51890351437,1104.12533205,1104.12533205,1272.469413798
2017-11-07-03:43:35,79,True,0.0,0.0,109.806953673,66.0854055375,8.67399073695,1068.05853297,1068.05853297,1239.0506615218997
2017-11-07-03:48:35,80,True,0.0,0.0,141.490597955,91.7310115885,13.1754540915,1131.14438253,1131.14438253,1358.9334315219
2017-11-07-03:53:35,81,True,0.0,0.0,137.271614793,88.3312176809,12.5248783347,1137.03046065,1137.03046065,1357.0154996984002
2017-11-07-03:58:35,82,True,0.0,0.0,141.515254307,91.7269279094,13.1772329987,1080.71925525,1080.71925525,1308.921789201
2017-11-07-04:03:35,83,True,0.0,0.0,146.148173565,95.4952237768,13.9129977354,1145.10172986,1145.10172986,1381.1126024295
2017-11-07-04:08:35,84,True,0.0,0.0,174.915870121,118.774040339,18.9085134473,1148.75100216,1148.75100216,1436.6616087167001
2017-11-07-04:13:35,85,True,0.0,0.0,141.092513284,91.444312934,13.1163226687,1238.48962569,1238.48962569,1464.5207828993998
2017-11-07-04:18:35,86,True,0.0,0.0,197.321467934,136.964385003,23.3253916928,1298.05914312,1298.05914312,1624.9681043141
2017-11-07-04:23:35,87,True,0.0,0.0,235.677119386,167.972137231,31.9278043415,1272.84930117,1272.84930117,1669.3995046230002
2017-11-07-04:28:35,88,True,0.0,0.0,216.648396143,152.617000509,27.4970868046,1388.34444015,1388.34444015,1749.3757316805998
2017-11-07-04:33:35,89,True,0.0,0.0,238.439931675,170.28389991,32.6094470706,1416.05394291,1416.05394291,1816.1275281587002
2017-11-07-04:38:35,90,True,0.0,0.0,229.956302016,163.367294853,30.5628588453,1372.95171576,1372.95171576,1758.2776503703003
2017-11-07-04:43:35,91,True,0.0,0.0,235.520454677,167.970731169,31.9067172613,1498.73647356,1498.73647356,1892.5057041327004
2017-11-07-04:48:35,92,True,0.0,0.0,236.490929349,168.727776084,32.1378771451,1500.87531276,1500.87531276,1896.543825659
2017-11-07-04:53:35,93,True,0.0,0.0,258.532795749,186.587302375,37.7071694881,1519.57923732,1519.57923732,1954.795906899
2017-11-07-04:58:35,94,True,71.5468151147,0.549003433189,221.602663668,156.767836311,28.6007852531,1611.56974068,1611.56974068,1978.27130541984
2017-11-07-05:03:35,95,True,0.0,0.0,288.229354443,210.644803164,45.9066593309,1545.62547825,1545.62547825,2034.4520011606999
2017-11-07-05:08:35,96,True,84.6050841774,0.0284205474138,249.134620582,179.054703082,35.288255472,1572.73206354,1572.73206354,1990.1485906739003
2017-11-07-05:13:35,97,True,50.3517695132,0.941733089161,297.395295098,247.340237451,53.7196368177,1627.25059323,1627.25059323,2159.7439625072107
2017-11-07-05:18:35,98,True,83.1983076022,0.880284585855,295.692336286,223.924703792,49.265850602,1780.24370103,1780.24370103,2285.42012224266
2017-11-07-05:23:35,99,True,39.5534977161,0.0437821399572,299.982075378,249.981208736,54.6049526993,1760.65446564,1760.65446564,2297.0345332675597
2017-11-07-05:28:35,100,True,73.8468245303,-0.000282578470676,300.0,250.000053316,15070.544308,1727.66058615,1742.67651308,2279.9705628609795
2017-11-07-05:33:35,101,True,41.0782991535,-0.000362978843946,300.000063844,250.000069335,53819.513648,1943.58155886,1997.34645304,2530.5659845050704
2017-11-07-05:38:35,102,True,62.6294066571,-0.000363378714773,300.000063746,250.000069209,61153.0290397,1914.16169826,1975.26010772,2508.25401712649
2017-11-07-05:43:35,103,True,51.19148797,-0.000356550867796,300.00006277,250.000068195,29740.508106,1952.27716653,1981.96305537,2515.64285595928
2017-11-07-05:48:35,104,True,66.776549635,-0.000370310708185,300.000054214,250.000060741,200764.750242,1898.95670406,2099.66683869,2630.81570437617
2017-11-07-05:53:35,105,True,66.6349816062,-0.000367496958141,300.000057402,250.000063856,87088.2023828,2093.92781949,2180.96140332,2710.796435417519
2017-11-07-05:58:35,106,True,0.0,0.0,300.0,250.0,196880.530576,2080.38683925,2277.21275492,2805.3236481157996
2017-11-07-06:03:35,107,True,83.1531592522,-0.000470430362425,300.000080933,250.000087799,45006.1149325,2127.41179461,2172.36328781,2701.94482662002
2017-11-07-06:08:35,108,True,72.2494630319,-0.000545032264828,300.000085102,250.000097194,148138.229121,2269.77798717,2417.86159657,2943.03629362872
2017-11-07-06:13:35,109,True,90.6268993054,-0.000451661959341,300.000077222,250.000087516,173185.742635,2183.5538217,2356.68494587,2883.41891321769
2017-11-07-06:18:35,110,True,63.8128515179,-0.000562174047165,300.000089591,250.000102957,105466.743732,2361.8940246,2467.30614664,2991.38990166841
2017-11-07-06:23:35,111,True,98.685444648,-0.000876921544537,300.000128993,250.00014553,229935.032132,2389.50740988,2619.38781643,3140.71639547155
2017-11-07-06:28:35,112,True,74.8213601367,-0.00077137204863,300.00010654,250.000122437,143968.439339,2423.48267511,2567.39649149,3089.39761376099
2017-11-07-06:33:35,113,True,99.5320806498,-0.00121585396641,300.000171229,250.000194734,211436.793754,2585.68647561,2797.06863662,3314.36393493285
2017-11-07-06:38:35,114,True,68.7577202213,-0.00144142257055,300.00020533,250.000232666,233457.404125,2560.7534391,2794.15620805,3311.0951654916194
2017-11-07-06:43:35,115,True,100.253978239,-0.000657456658303,300.000118338,250.000128402,13888.9851366,2651.63406246,2665.46828531,3185.1623231295903
2017-11-07-06:48:35,116,True,82.1404107677,-0.00208709829468,300.000300127,250.000339373,278785.824624,2686.44809934,2965.17927778,3478.50429320639
2017-11-07-06:53:35,117,True,100.312003338,-0.00198974285787,300.00028334,250.000321292,247861.976433,2647.96059447,2895.76792557,3409.68935869476
2017-11-07-06:58:35,118,True,98.2872361603,-0.0028121737317,300.00039855,250.000453755,329407.105909,2832.24394359,3161.59638487,3669.88504796075
2017-11-07-07:03:35,119,True,97.395267388,0.0,300.0,250.0,418417.996551,2703.08386962,3121.44725615,3630.1450994280704
2017-11-07-07:08:35,120,True,95.5947802509,-0.00146851860468,300.000204443,250.000236461,161393.297989,2967.77953557,3129.11817782,3637.3959513824702
2017-11-07-07:13:35,121,True,92.0691606217,0.0,300.0,250.0,409889.986659,2908.58125293,3318.41662957,3822.827001657901
2017-11-07-07:18:35,122,True,86.385342221,0.0,300.0,250.0,341284.582566,3050.35545339,3391.58542594,3893.0172080951106
2017-11-07-07:23:35,123,True,103.306904974,-0.00250564454042,300.000362386,250.000412182,336975.364151,3113.45619534,3450.37685361,3950.5155096240996
2017-11-07-07:28:35,124,True,95.522854075,-0.00146461416396,300.000224028,250.000251602,345685.124383,3270.21717672,3615.84755663,4111.06122556191
2017-11-07-07:33:35,125,True,0.0,0.0,300.0,250.00006741,398634.537574,3182.30296389,3580.88220809,4076.1996309158003
2017-11-07-07:38:35,126,True,102.539376302,-0.00272085823002,300.000426814,250.00048499,446521.464753,3415.69565361,3862.16224984,4349.98777723751
2017-11-07-07:43:35,127,True,75.5987782818,-0.00145737461169,300.00025366,250.000281105,211665.859773,3518.63051274,3730.24155039,4220.084017650139
2017-11-07-07:48:35,128,True,103.749343922,-0.00309182872363,300.000473154,250.000539974,479170.650781,3402.6877449,3881.80352197,4368.7389755124495
2017-11-07-07:53:35,129,True,88.852466951,-0.00155499710456,300.000270371,250.000298238,107080.146201,3771.74350971,3878.76877307,4365.001501997959
2017-11-07-07:58:35,130,True,106.250352546,0.0,300.0,250.0,516845.564548,3756.45187251,4273.24276352,4746.387176012371
2017-11-07-08:03:35,131,True,97.6784164733,-0.00192564737376,300.000304904,250.000343133,220816.412157,3764.32634241,3985.08782761,4469.179530598771
2017-11-07-08:08:35,132,True,85.9462962881,0.0,300.0,250.0,402769.306481,3989.59869753,4392.31336346,4861.15772731967
2017-11-07-08:13:35,133,True,104.523696659,0.0,300.0,250.0,634633.347097,3882.68143299,4517.26004616,4981.80769746575
2017-11-07-08:18:35,134,True,98.0557129416,-0.00185730849618,300.000307778,250.00034616,105916.154267,3941.28184455,4047.14303281,4528.083472717679
2017-11-07-08:23:35,135,True,102.374649394,0.0,300.0,250.0,545251.391277,4043.53166589,4588.72817485,5049.72104547055
2017-11-07-08:28:35,136,True,102.799920173,0.0,300.0,250.0,337339.333251,4143.25890144,4480.54362462,4946.82314111733
2017-11-07-08:33:35,137,True,105.234026347,0.0,300.0,250.0,369685.046543,4080.16490886,4449.79534509,4917.4423744162395
2017-11-07-08:38:35,138,True,106.446844996,0.0,300.0,250.0,464194.26546,4064.42951307,4528.56913037,4991.533308903191
2017-11-07-08:43:35,139,True,101.948092535,0.0,300.0,250.0,527817.09643,4080.32823375,4608.09064032,5069.424279224
2017-11-07-08:48:35,140,True,104.07773689,0.0,300.0,250.0,407893.841572,3984.54141573,4392.38064656,4860.777913058029
2017-11-07-08:53:35,141,True,104.918081688,0.0,300.0,250.0,387455.387733,4096.24986879,4483.65064634,4949.91390878342
2017-11-07-08:58:35,142,True,101.359312062,0.0,300.0,250.0,495537.839605,4033.30061952,4528.78377955,4991.962944848691
2017-11-07-09:03:35,143,True,102.029529287,0.0,300.0,250.0,516883.101827,3939.8378481,4456.66631129,4923.326702519871
2017-11-07-09:08:35,144,True,101.213856959,0.0,300.0,250.0,426409.048196,3989.62215828,4415.97659609,4884.3786186118
2017-11-07-09:13:35,145,True,96.1952987776,-0.00406292873934,300.00058914,250.000687784,323234.477114,4059.05093622,4382.23016686,4851.076358097489
2017-11-07-09:18:35,146,True,100.926484423,0.0,300.0,250.0,587143.390694,3978.36348696,4565.45217088,5028.01450697973
2017-11-07-09:23:35,147,True,100.484563432,0.0,300.0,250.0,409952.502891,3993.31298556,4403.21087837,4870.736939373629
2017-11-07-09:28:35,148,True,99.7893516906,0.0,300.0,250.0,468569.47665,4064.10817419,4532.62298808,4996.86517821322
2017-11-07-09:33:35,149,True,102.209216615,-0.00336910330643,300.000504625,250.000584648,277646.021949,4110.65940267,4388.25018205,4857.06381093632
2017-11-07-09:38:35,150,True,103.451152229,-0.0034011717054,300.000524161,250.000606691,301071.185193,4117.10627421,4418.12220014,4885.83631870935
2017-11-07-09:43:35,151,True,105.21052832,0.0,300.0,250.0,477825.089604,4129.70215572,4607.47260942,5067.7200990887
2017-11-07-09:48:35,152,True,108.856789076,0.0,300.0,250.0,353896.928342,4195.27438488,4549.11670302,5012.605975517971
2017-11-07-09:53:35,153,True,102.273312759,0.0,300.0,250.0,418002.907196,4219.8051969,4637.75349208,5097.898797121169
2017-11-07-09:58:35,154,True,109.279108336,0.0,300.0,250.0,333041.471119,4327.47560133,4660.46246234,5119.45841664769
2017-11-07-10:03:35,155,True,102.620637095,-0.00393954779802,300.000588053,250.00068905,281898.058728,4278.92215032,4560.76482104,5022.7252496186
2017-11-07-10:08:35,156,True,104.838138215,0.0,300.0,250.0,397187.136451,4356.36584298,4753.49836849,5209.495797531721
2017-11-07-10:13:35,157,True,106.642996851,-0.00456195622173,300.000661449,250.000786566,259164.500695,4471.27756758,4730.3865382,5185.296246757881
2017-11-07-10:18:35,158,True,108.109583431,0.0,300.0,250.0,390847.95292,4399.46485578,4790.25819817,5244.39703093112
2017-11-07-10:23:35,159,True,105.291323896,0.0,300.0,250.0,340381.653586,4485.64359357,4825.97063698,5277.49537447967
2017-11-07-10:28:35,160,True,106.486998645,0.0,300.0,250.0,554860.604203,4428.39838536,4983.20423672,5429.13724681034
2017-11-07-10:33:35,161,True,104.038183519,-0.00455005388561,300.000662098,250.000791137,243250.075917,4514.77361376,4757.96812749,5211.958264869988
2017-11-07-10:38:35,162,True,103.314451939,0.0,300.0,250.0,430057.217939,4510.0418139,4940.04440312,5387.818215396269
2017-11-07-10:43:35,163,True,106.800157554,0.0,300.0,250.0,457190.696477,4459.26049776,4916.39657927,5365.23240944377
2017-11-07-10:48:35,164,True,102.749367415,0.0,300.0,250.0,470543.877457,4533.21255852,5003.701815,5447.29423052231
2017-11-07-10:53:35,165,True,105.834415923,0.0,300.0,250.0,471162.954341,4581.9802134,5053.08850536,5496.713990688379
2017-11-07-10:58:35,166,True,107.496981679,0.0,300.0,250.0,331914.401083,4564.76659839,4896.62638928,5344.36308506308
2017-11-07-11:03:35,167,True,104.295554189,-0.000277878997183,300.0,250.0,657381.696657,4460.70087189,5118.02761283,5558.2734500002
2017-11-07-11:08:35,168,True,109.22411649,0.0,300.0,250.0,494965.14398,4612.78277181,5107.69325424,5547.575771778599
2017-11-07-11:13:35,169,True,106.208359529,0.0,300.0,250.0,506984.736043,4584.70615428,5091.63623511,5532.07540849181
2017-11-07-11:18:35,170,True,105.324685489,0.0,300.0,250.0,536472.86538,4579.47809568,5115.89626922,5557.075891634539
2017-11-07-11:23:35,171,True,109.923005507,0.0,300.0,250.0,526558.290842,4501.11586266,5027.61949567,5470.850737189179
2017-11-07-11:28:35,172,True,108.684374283,0.0,300.0,250.0,611012.354302,4478.79187188,5089.74944502,5531.327404662139
2017-11-07-11:33:35,173,True,109.279315498,-0.000254380584398,300.0,250.0,702866.849053,4468.68281106,5171.49472857,5608.80502517248
2017-11-07-11:38:35,174,True,110.693534632,0.0,300.0,250.0,293364.817213,4672.59066909,4965.90087609,5411.0606753721495
2017-11-07-11:43:35,175,True,106.78305624,0.0,300.0,250.0,476449.207413,4471.10473428,4947.49931504,5395.15947122609
2017-11-07-11:48:35,176,True,107.074361888,0.0,300.0,250.0,659074.822435,4401.91423467,5060.93418681,5503.371292137739
2017-11-07-11:53:35,177,True,106.318881281,0.0,300.0,250.0,526636.122246,4463.09223813,4989.67372305,5435.69014220842
2017-11-07-11:58:35,178,True,106.186547477,0.0,300.0,250.0,504519.816739,4346.39729907,4850.86249628,5302.73674844026
2017-11-07-12:03:35,179,True,109.736221165,0.0,300.0,250.0,508576.610594,4477.22572887,4985.74769805,5431.5586352768205
2017-11-07-12:08:35,180,True,105.322752249,0.0,300.0,250.0,559568.627725,4332.6828558,4892.19679251,5342.910366953371
2017-11-07-12:13:35,181,True,103.570434602,0.0,300.0,250.0,523949.059864,4374.08502759,4897.97943367,5346.85821412107
2017-11-07-12:18:35,182,True,109.428492567,-0.00448270833037,300.000680076,250.000804375,295675.708116,4466.66650641,4762.28666419,5217.775750129889
2017-11-07-12:23:35,183,True,107.192925974,-0.00448329169101,300.000640957,250.000769654,214340.065353,4559.01159798,4773.29610147,5227.0037006419
2017-11-07-12:28:35,184,True,106.779944096,0.0,300.0,250.0,449575.377522,4424.39061183,4873.91137106,5323.82549478018
2017-11-07-12:33:35,185,True,110.822209269,0.0,300.0,250.0,399239.178833,4479.53505003,4878.71961851,5328.991652787289
2017-11-07-12:38:35,186,True,104.984824305,-0.00422287798309,300.000604072,250.00072623,192527.979829,4547.42470683,4739.89715582,5195.242072474011
2017-11-07-12:43:35,187,True,106.377897459,-0.00435110596154,300.000567644,250.000702106,108604.594725,4716.22033908,4824.76935226,5276.030812307181
2017-11-07-12:48:35,188,True,109.701380576,2.87453732742,192.470944833,134.57802503,22.2152144369,4833.6109398,4833.6109398,5059.058745503911
2017-11-07-12:53:35,189,True,110.616695117,0.0,300.0,250.0,63407.2825735,4702.91974335,4766.27241575,5221.379358619722
2017-11-07-12:58:35,190,True,113.737774535,0.0,300.0,250.0,167992.207236,4838.09089437,5006.02849145,5449.92903528216
2017-11-07-13:03:35,191,True,108.786711575,0.0274534788514,200.430949349,141.1430518,24.164628813,5013.54763578,5013.54763578,5249.301594185539
2017-11-07-13:08:35,192,True,105.342173673,0.00276970458604,247.283079049,179.291460289,35.0646225521,5000.01908031,5000.01908031,5322.180654748369
2017-11-07-13:13:35,193,True,107.373862346,0.0444114492323,255.544788899,186.006566565,37.1879194845,5014.20182418,5014.20182418,5349.317877077301
2017-11-07-13:18:35,194,True,106.983870597,4.02105281069,191.50239451,133.881721852,21.9157760767,5061.59490879,5061.59490879,5275.084097929779
2017-11-07-13:23:35,195,True,107.166176615,0.0,300.0,250.0,48956.8474451,4957.10790147,5006.01013855,5450.91255916617
2017-11-07-13:28:35,196,True,111.382493128,0.0,300.0,250.0,457809.680831,4782.75130746,5240.50636566,5676.16332880192
2017-11-07-13:33:35,197,True,112.296252649,0.0,300.0,250.0,535296.836481,4699.60874244,5234.85091454,5670.139805118661
2017-11-07-13:38:35,198,True,111.387142832,0.0,300.0,250.0,229551.210602,4776.33379455,5005.83039497,5450.059098051511
2017-11-07-13:43:35,199,True,112.266702692,0.0,300.0,250.0,469983.78045,4788.62491635,5258.55407695,5693.549432152499
2017-11-07-13:48:35,200,True,110.771429627,-0.000320951052801,300.0,250.000053172,801586.492015,4612.85524386,5414.38673946,5840.34549400788
2017-11-07-13:53:35,201,True,108.896468803,-0.000348163080014,300.0,250.000058547,986881.79084,4502.42528103,5489.25203238,5913.790876133959
2017-11-07-13:58:35,202,True,114.494512728,-0.000300195361518,300.0,250.0,906238.232641,4593.35375424,5499.53699687,5924.21168662732
2017-11-07-14:03:35,203,True,107.181072992,-0.000271619391222,300.0,250.0,1081296.70388,4345.78460157,5427.02633652,5853.5577238918
2017-11-07-14:08:35,204,True,114.160920604,-0.000348306933087,300.0,250.000058338,1091126.1882,4467.9904821,5559.06163081,5979.360859194439
2017-11-07-14:13:35,205,True,111.490140739,-0.00021418674741,300.0,250.0,947880.576215,4347.96120747,5295.78687802,5727.452661962349
2017-11-07-14:18:35,206,True,110.591048687,-0.000404397519228,300.000053058,250.00006626,1066672.10477,4309.18306848,5375.80006725,5805.095756024489
2017-11-07-14:23:35,207,True,111.495835768,0.0,300.0,250.0,664686.184191,4502.67660027,5167.3079873,5604.974999618179
2017-11-07-14:28:35,208,True,109.117470089,0.0,300.0,250.0,701673.310538,4406.82433866,5108.44286805,5548.936157853631
2017-11-07-14:33:35,209,True,115.222675462,-0.000372141136213,300.0,250.000061221,1005416.92413,4285.40392638,5290.76578159,5723.963729346219
2017-11-07-14:38:35,210,True,113.932527733,0.0,300.0,250.0,699134.972533,4348.59246657,5047.67264871,5490.75312043371
2017-11-07-14:43:35,211,True,114.209149365,0.0,300.0,250.0,426476.467755,4409.65000062,4836.07185798,5287.1239482252095
2017-11-07-14:48:35,212,True,110.568137502,0.0,300.0,250.0,641793.74634,4253.63074785,4895.36970297,5345.06789214207
2017-11-07-14:53:35,213,True,114.858095554,0.0,300.0,250.0,519578.363011,4385.12383962,4904.64753139,5353.381170974611
2017-11-07-14:58:35,214,True,115.101945917,-0.00460254048245,300.000704712,250.000830278,332161.658624,4416.34298391,4748.44908999,5203.828377871129
2017-11-07-15:03:35,215,True,113.003101088,-0.00340891173415,300.000513946,250.000600465,236715.241933,4267.43716248,4504.09709766,4970.0500809736195
2017-11-07-15:08:35,216,True,113.971477705,0.0,300.0,250.0,439248.512784,4335.82432596,4775.01820672,5228.55046599748
2017-11-07-15:13:35,217,True,117.097519595,-0.00291240214441,300.000429054,250.000510796,96130.3720556,4361.60562066,4457.68071376,4922.843153603009
2017-11-07-15:18:35,218,True,115.46576663,-0.00341485232184,300.000493478,250.000585918,156386.653384,4402.81863648,4559.14994292,5022.172540380369
2017-11-07-15:23:35,219,True,114.330884072,0.0,300.0,250.0,346557.979213,4221.18009666,4567.68346578,5031.181545488519
2017-11-07-15:28:35,220,True,118.952859082,-0.00367398943223,300.000551585,250.000648312,241437.020731,4312.84483701,4554.22648435,5017.29799798159
2017-11-07-15:33:35,221,True,111.997988333,0.0,300.0,250.0,447006.680921,4194.78271164,4641.73477931,5100.82395042294
2017-11-07-15:38:35,222,True,116.883681564,0.0,300.0,250.0,401849.998217,4272.59975922,4674.39514658,5132.8449007604795
2017-11-07-15:43:35,223,True,114.351901781,-0.00263415153851,300.000392828,250.000464091,81379.6479895,4298.87206503,4380.19650265,4848.662124173419
2017-11-07-15:48:35,224,True,116.329010702,0.0,300.0,250.0,499232.524687,4203.95602365,4703.13388097,5160.0304990203595
2017-11-07-15:53:35,225,True,114.933003885,0.0,300.0,250.0,371405.267346,4218.96367854,4590.31433578,5051.469766628659
2017-11-07-15:58:35,226,True,118.527591313,-0.003757862511,300.000563461,250.000655249,305334.952468,4183.77447396,4489.05411391,4954.5937209372505
2017-11-07-16:03:35,227,True,110.98628875,0.0,300.0,250.0,671030.413818,3968.24035482,4639.21601997,5098.567532737279
2017-11-07-16:08:35,228,True,116.141278391,0.0,300.0,250.0,645303.155569,4110.64775154,4755.89616038,5211.9984223312
2017-11-07-16:13:35,229,True,116.662421318,0.0,300.0,250.0,388899.83797,4108.64170995,4497.48693782,4960.66916888765
2017-11-07-16:18:35,230,True,112.551947087,0.0,300.0,250.0,892244.346993,3748.83474276,4641.0243037,5100.453181138811
2017-11-07-16:23:35,231,True,116.785449999,0.0,300.0,250.0,660021.277076,4049.6901849,4709.65673184,5167.346274482629
2017-11-07-16:28:35,232,True,115.34758277,0.0,300.0,250.0,833688.797406,3765.99047094,4599.62455656,5060.936807625271
2017-11-07-16:33:35,233,True,111.803747373,0.0,300.0,250.0,927099.68843,3780.14915142,4707.19403293,5163.11489674696
2017-11-07-16:38:35,234,True,116.363743069,0.0,300.0,250.0,797461.988658,3848.77510758,4646.18234907,5106.43896135115
2017-11-07-16:43:35,235,True,114.864055392,0.0,300.0,250.0,788278.220336,3796.08523938,4584.30876296,5046.161432854729
2017-11-07-16:48:35,236,True,111.261878166,0.0,300.0,250.0,915773.82371,3669.98183514,4585.7008524,5046.41776851986
2017-11-07-16:53:35,237,True,120.1708207,0.0,300.0,250.0,776258.4805,3762.06243759,4538.2662002,5001.35240516046
2017-11-07-16:58:35,238,True,119.420880626,0.0,300.0,250.0,843498.702657,3594.53748069,4437.98152094,4905.651844241301
2017-11-07-17:03:35,239,True,115.941381039,0.0,300.0,250.0,760957.05958,3685.21450272,4446.11683657,4912.675938171879
2017-11-07-17:08:35,240,True,118.766122608,0.0,300.0,250.0,675771.94223,3486.13756587,4161.85489414,4637.80541289746
2017-11-07-17:13:35,241,True,115.935255155,0.0,300.0,250.0,804189.529044,3643.28071425,4447.41556623,4914.7514522866395
2017-11-07-17:18:35,242,True,113.17505963,0.0,300.0,250.0,783679.580406,3446.52353352,4230.14845041,4704.10692605215
2017-11-07-17:23:35,243,True,118.137725505,0.0,300.0,250.0,661555.425719,3567.3524838,4228.85329375,4703.014482627561
2017-11-07-17:28:35,244,True,116.907395571,0.0,300.0,250.0,820038.721513,3408.11834526,4228.10243893,4703.227873524909
2017-11-07-17:33:35,245,True,118.926582074,0.0,300.0,250.0,492049.645096,3478.72257261,3970.71760767,4453.4665024938695
2017-11-07-17:38:35,246,True,119.204471298,0.0,300.0,250.0,571882.497,3431.93143194,4003.75931886,4486.144318520351
2017-11-07-17:43:35,247,True,118.840362759,0.0,300.0,250.0,692090.065037,3341.65583781,4033.69129075,4515.77382925804
2017-11-07-17:48:35,248,True,114.704216033,-0.00130802230523,300.000215472,250.000239442,278746.778261,3456.81048807,3735.50246271,4226.30594393146
2017-11-07-17:53:35,249,True,121.604595412,0.0,300.0,250.0,723225.832441,3183.55416702,3906.7253894,4392.86080663662
2017-11-07-17:58:35,250,True,118.747344637,-0.00108170467245,300.000184015,250.000202779,273404.992009,3360.83698854,3634.18723162,4128.44703268277
2017-11-07-18:03:35,251,True,117.038762957,-0.00309705170263,300.000464711,250.000530312,524563.072294,3234.88467234,3759.39292138,4249.2528325967405
2017-11-07-18:08:35,252,True,122.249986147,-0.00269222191135,300.000408355,250.000463956,407907.058679,3234.48564762,3642.33794549,4136.667204958841
2017-11-07-18:13:35,253,True,120.343626353,-0.00255806287606,300.000398753,250.00045214,434183.654529,3195.08683029,3629.21571577,4122.85676496186
2017-11-07-18:18:35,254,True,118.104307713,0.0,300.0,250.0,495328.613741,3173.92387506,3669.19787877,4162.81643121024
2017-11-07-18:23:35,255,True,124.914865481,-0.00147061112434,300.000232968,250.000262484,325447.976755,3216.77348526,3542.16673229,4039.1710692112106
2017-11-07-18:28:35,256,True,122.586429018,-0.0014078253938,300.000217595,250.0002459,199560.410881,3235.32341235,3434.82912947,3935.4410388581496
2017-11-07-18:33:35,257,True,118.971925828,-0.00266588838984,300.000397269,250.00045174,377141.95973,3190.77702288,3567.86424329,4064.2948527786907
2017-11-07-18:38:35,258,True,112.104228015,-0.00159422075783,300.000230711,250.000264543,129621.205691,3197.16563184,3326.73216213,3829.5329569923897
2017-11-07-18:43:35,259,True,117.221586172,0.0,300.0,250.0,566139.345995,3052.99648143,3619.08121738,4112.90750525104
2017-11-07-18:48:35,260,True,120.008984845,-0.000932568509612,300.000170573,250.00018442,37117.097357,3176.27211843,3213.33452115,3720.35664425741
2017-11-07-18:53:35,261,True,119.550450524,0.0,300.0,250.0,363889.211264,3062.06324685,3425.89784809,3925.6152453881095
2017-11-07-18:58:35,262,True,115.202825531,-0.00312787134632,300.000452346,250.000517418,338342.643426,3093.56035308,3431.84828193,3931.84238298517
2017-11-07-19:03:35,263,True,118.986849677,-0.00202987366293,300.000306591,250.000348968,246808.631599,2961.56061612,3208.3145716,3713.77395372609
2017-11-07-19:08:35,264,True,115.13527625,-0.00110527354525,300.000176108,250.000197331,82682.9789335,3082.66816302,3165.29649623,3673.569521355
2017-11-07-19:13:35,265,True,125.786406613,-0.00225001388495,300.000329435,250.000374437,262601.615053,2943.39543777,3205.94237799,3712.23553127317
2017-11-07-19:18:35,266,True,119.986670773,-0.00103889698337,300.000155695,250.000178486,138900.098875,2811.69811584,2950.54357972,3463.87516612037
2017-11-07-19:23:35,267,True,114.117811205,-0.00148466196476,300.000203765,250.00023454,179894.968643,2892.71654082,3072.55685971,3582.7901714764002
2017-11-07-19:28:35,268,True,125.586782653,-0.00242905619382,300.000364378,250.000412964,290132.251583,2729.04273828,3019.12032582,3528.8212044205998
2017-11-07-19:33:35,269,True,115.666962871,-0.000947999871901,300.000138933,250.000159335,152707.476403,2672.4331728,2825.08601933,3341.5538803316
2017-11-07-19:38:35,270,True,118.193063352,-0.00204878512777,300.000287628,250.000328397,221928.387803,2829.07513422,3050.94886828,3561.8212877046494
2017-11-07-19:43:35,271,True,116.007197443,-0.00271563424981,300.000403864,250.000456489,343832.320757,2654.7013494,2998.47901387,3510.18318097983
2017-11-07-19:48:35,272,True,122.990227842,-0.00228736535583,300.000343152,250.000386863,305235.494236,2633.38274547,2938.5635896,3451.94697247083
2017-11-07-19:53:35,273,True,111.123536363,-0.00099969768052,300.000147367,250.000168168,187971.542173,2671.24740525,2859.16431549,3375.5321275388096
2017-11-07-19:58:35,274,True,128.50863,0.0,300.0,250.0,469494.67922,2564.81587863,3034.25594782,3543.51491974375
2017-11-07-20:03:35,275,True,126.080091768,-0.00078649142106,300.000122492,250.000139422,180702.363031,2547.06495048,2727.71268753,3247.40186278312
2017-11-07-20:08:35,276,True,0.0,0.0,300.0,250.0,196101.619608,2595.6523404,2791.69929667,3307.9174430998996
2017-11-07-20:13:35,277,True,129.152098068,0.0,300.0,250.0,992496.77878,2325.75981192,3318.20198063,3820.2593528562506
2017-11-07-20:18:35,278,True,106.46772594,-0.000545720209836,300.000090694,250.00010377,123537.760649,2257.70562261,2381.18876167,2905.40609424366
2017-11-07-20:23:35,279,True,126.526048232,0.0,300.0,250.0,749230.778653,2214.58812885,2963.76429747,3475.68317082658
2017-11-07-20:28:35,280,True,122.539897993,-0.000795905473946,300.000139652,250.000154902,342025.262003,1970.22650598,2312.19714485,2837.92763905797
2017-11-07-20:33:35,281,True,0.0,0.0,300.0,250.0,808094.633692,2070.72277776,2878.76271403,3393.353998809899
2017-11-07-20:38:35,282,True,128.152121185,0.0,300.0,250.0,970886.688323,2029.55695659,3000.38903488,3511.8548832249703
2017-11-07-20:43:35,283,True,102.84766487,-0.000451989913807,300.000080327,250.000089474,282873.104185,1885.48534647,2168.3038319,2696.1337842240896
2017-11-07-20:48:35,284,True,127.544907365,-0.00205478729172,300.000358198,250.000398132,603947.871434,2033.91131409,2637.80454849,3158.58890263181
2017-11-07-20:53:35,285,True,117.406903597,-0.000420837663336,300.000073261,250.000081801,255039.918043,1898.66132028,2153.64662049,2682.26954712326
2017-11-07-20:58:35,286,True,0.0,0.0,300.0,250.0,324264.637993,1966.74648489,2290.95650816,2818.9472512499005
2017-11-07-21:03:35,287,True,130.120816452,-0.0021817134459,300.000374626,250.000416765,670057.126383,1927.13091921,2597.13340715,3117.9122465305704
2017-11-07-21:08:35,288,True,97.9230591473,-0.000485596629183,300.000085109,250.000094948,793180.880542,1185.77817522,1978.90443678,2510.4551366261303
2017-11-07-21:13:35,289,True,133.975596751,-0.000717195162602,300.000130256,250.000143763,402641.077927,1921.76933598,2324.355792,2851.442296949539
2017-11-07-21:18:35,290,True,112.858792655,-0.000366735414932,300.00006589,250.000072691,546337.120737,1410.4183068,1956.70081071,2488.9969216669997
2017-11-07-21:23:35,291,True,0.0,0.0,300.0,250.0,1064717.15265,1295.93009574,2360.59263317,2886.8838706099
2017-11-07-21:28:35,292,True,142.759326983,-0.000832883393515,300.000143295,250.000161567,1003392.92227,1296.44395155,2299.7822491,2827.4165211010595
2017-11-07-21:33:35,293,True,98.6020401725,-0.000279259766038,300.0,250.000055036,552329.179544,1307.62751562,1859.90207963,2393.78836000167
2017-11-07-21:38:35,294,True,132.458914673,-0.000892113941855,300.000148473,250.000165361,832943.243589,1424.97853434,2257.86715411,2786.03944990627
2017-11-07-21:43:35,295,True,133.590316858,-0.000204247723117,300.0,250.0,436736.466347,1419.08293503,1855.76478727,2390.55942040431
2017-11-07-21:48:35,296,True,0.0,0.0,300.0,250.0,586364.358129,1438.56976806,2024.87951348,2557.5979011899
2017-11-07-21:53:35,297,True,145.636083173,0.0,300.0,250.0,240186.070888,1436.12832852,1676.25978625,2213.5091680676896
2017-11-07-21:58:35,298,True,89.3828423764,-0.000271137551344,300.0,250.0,28217.9274202,1495.90780587,1524.07111648,2063.92696499595
2017-11-07-22:03:35,299,True,124.809592296,0.0,300.0,250.0,116444.759607,1476.39979359,1592.78993843,2132.0121123371905
2017-11-07-22:08:35,300,True,110.621528525,0.0,300.0,250.0,90364.7828291,1396.68500655,1486.99517374,2026.8514818426402
2017-11-07-22:13:35,301,True,0.0,0.0,300.0,250.0,187308.72827,1506.15339615,1693.40751268,2231.0831264099
2017-11-07-22:18:35,302,True,130.270122537,0.0,300.0,250.0,155932.38718,1359.4537188,1515.33149297,2055.5375550082904
2017-11-07-22:23:35,303,True,118.464456752,0.0,300.0,250.0,201512.120703,1284.26846607,1485.72597425,2026.0073608915104
2017-11-07-22:28:35,304,True,0.0,0.0,300.0,250.0,368323.265251,1245.81732687,1614.08598077,2152.8943558799006
2017-11-07-22:33:35,305,True,131.807209029,0.0,300.0,250.0,298545.563662,1197.26831502,1495.75926673,2036.6714313156997
2017-11-07-22:38:35,306,True,118.405283339,0.0,300.0,250.0,264406.673004,1102.09467726,1366.44673847,1908.584382201
