Cleared_time,market_id,ACOPF_solved,cleared_price_18,cleared_price_57,cleared_quantity_18 (kW),cleared_quantity_57 (kW),DG_13_output (kW),DG_57_output (kW),DG_7_output (kW),DG_18_output (kW),DG_56_output (kW),social_welfare ($),planned_SubstationP (kW),expected_SubstationP (kW),total_uncontrollable_loads (kW)
2018-02-09-15:49:39,1,True,63.784985924,63.7998019569,342.729925264,534.919295227,198.324074558,256.540124437,96.1173412484,111.145282476,114.454898948,-21.8631166869,1494.7094834,1494.7094834,1393.64198457
2018-02-09-15:54:39,2,True,62.3223869936,62.4472867334,289.140203616,385.105889379,193.086219336,247.810365837,93.5991422805,108.027511514,110.230822231,-9.10758140477,1108.7384231,1108.7384231,1187.2463913
2018-02-09-15:59:39,3,True,61.8741792321,61.9720446964,275.909178809,366.499905566,191.55308613,245.255143843,92.8620589655,107.114932225,108.994424498,-7.25063924434,1039.6631308,1039.6631308,1143.03369209
2018-02-09-16:04:39,4,True,61.8625809228,61.4673908511,226.477946799,473.452859657,189.42460594,241.707676647,91.8387527108,105.847979719,107.27790808,-11.1669222114,1046.3104239,1046.3104239,1082.47654054
2018-02-09-16:09:39,5,True,61.3707917223,61.1609544861,300.188374541,390.905644529,188.646432844,240.410721647,91.4646299371,105.384781458,106.650349239,-10.6957983012,1059.4075009,1059.4075009,1100.87039696
2018-02-09-16:14:39,6,True,60.4213234938,61.4378863365,413.366911396,307.170105251,187.50155118,238.502585698,90.9142050595,104.703304284,105.727057685,-12.7544472375,1140.2835381,1140.2835381,1147.09522536
2018-02-09-16:19:39,7,True,60.4548416972,60.6283349448,233.174360504,483.210443012,185.868812149,235.781353637,90.129236592,103.731435795,104.410332427,-12.5871913475,1130.518095,1130.518095,1134.05446208
2018-02-09-16:24:39,8,True,60.5506666572,59.7885250183,193.717779419,561.173396778,184.597108496,233.661847522,89.5178407216,102.974469335,103.384764947,-15.221815004,1138.6726463,1138.6726463,1097.91750113
2018-02-09-16:29:39,9,True,59.9797376686,60.3275804018,438.262047922,288.252449696,184.171259077,232.95209891,89.3131030202,102.72098756,103.041338292,-13.4537870237,1153.3631697,1153.3631697,1139.04745894
2018-02-09-16:34:39,10,True,59.3499342905,60.1834433063,399.036053297,365.28235371,182.853122268,230.755204008,88.6793847408,101.936382304,101.978324585,-15.9408412162,1206.4865848,1206.4865848,1148.3705957
2018-02-09-16:39:39,11,True,60.1501766337,59.5130109879,127.997914638,677.114459867,183.016086461,231.026810799,88.7577340158,102.033384788,102.109747182,-18.5432449251,1201.2495096,1201.2495096,1103.08089834
2018-02-09-16:44:39,12,True,59.346758085,59.7563029625,415.401266282,290.632870024,181.087197802,227.811996843,87.8303811657,100.885236807,100.554192152,-12.4522424258,1137.7418507,1137.7418507,1129.87671916
2018-02-09-16:49:39,13,True,58.4336755298,59.6835882066,499.163739353,299.721421152,180.724966852,227.208278396,87.656232751,100.66962313,100.262070283,-18.3721861771,1198.5943928,1198.5943928,1096.23040371
2018-02-09-16:54:39,14,True,62.7718145962,58.7401932216,10.2161511148,706.760843211,179.359642422,224.932737413,86.9998278604,99.8569300161,99.1610019847,-13.4588703093,1081.6779624,1081.6779624,1055.01110777
2018-02-09-16:59:39,15,True,58.886367702,58.2476055276,313.244842452,418.086283149,177.410679653,221.684466245,86.0628262545,98.6968331274,97.5892579121,-14.3309227765,1043.0273049,1043.0273049,993.140242491
2018-02-09-17:04:39,16,True,57.6654636958,58.8261143601,510.653616888,199.477065009,176.214511718,219.690853465,85.4877435702,97.9848284216,96.6246067034,-13.3232873535,1000.2228509,1000.2228509,966.094712881
2018-02-09-17:09:39,17,True,58.0130410925,57.9736198892,150.270658347,483.375215083,175.020644339,217.70107393,84.9137714386,97.2741930464,95.6618099881,-8.66164241323,957.9893869,957.9893869,994.915006213
2018-02-09-17:14:39,18,True,58.5130613565,57.472765552,166.717817466,404.924352559,174.020191984,216.033653396,84.4327844266,96.6786856982,94.854993616,-5.08529092251,877.7174133,877.7174133,972.095552396
2018-02-09-17:19:39,19,True,57.5302605134,57.3481592358,245.110972948,286.998532768,171.787601434,212.312669819,83.3594207432,95.349762802,93.0545179084,-2.98767062303,840.283892,840.283892,964.038358991
2018-02-09-17:24:39,20,True,57.0858399249,57.8895441058,317.610987756,178.898106372,172.461996952,213.436662662,83.6836480495,95.7511887169,93.5983855167,-0.84698526132,756.8539041,756.8539041,919.276691869
2018-02-09-17:29:39,21,True,57.0097269867,57.26463701,188.079002014,246.554036254,170.289525162,209.815875284,82.6391947335,94.4580506926,91.8463912711,2.53777645252,722.1494651,722.1494651,936.565463975
2018-02-09-17:34:39,22,True,59.4928502594,56.2853873536,26.4407558351,415.324049356,168.112457111,206.187428519,81.5925274589,93.1621768518,90.0906912193,1.71501891666,728.4288305,728.4288305,925.809306469
2018-02-09-17:39:39,23,True,56.0487158431,56.8104162785,338.159626452,102.778898245,166.151420114,202.919033554,80.6497210993,91.9948929273,88.5092097968,1.51397321293,737.5621253,737.5621253,926.847878095
2018-02-09-17:44:39,24,True,55.0193033375,56.5530994289,297.559741991,128.549698783,164.428143099,200.046905183,79.8212225832,90.9691327983,87.1194702575,2.05612900592,709.6228188,709.6228188,905.898251947
2018-02-09-17:49:39,25,True,65.2401074199,55.5328635209,0.000414605688153,382.98059813,163.407085131,198.345141891,79.3303293709,90.3613601974,86.2960364015,4.40045572219,683.4157078,683.4157078,918.174648056
2018-02-09-17:54:39,26,True,55.6493833374,54.5360875709,114.40102254,292.237601925,161.444116179,195.073526975,78.3865942854,89.1929262979,84.7129969274,2.76799360977,680.9951155,680.9951155,883.166651699
2018-02-09-17:59:39,27,True,54.8893049415,54.6187755059,244.198516048,165.329005251,160.049940217,192.749900381,77.7163173481,88.3630596546,83.5886614841,2.40229629502,681.9566691,681.9566691,874.897026886
2018-02-09-18:04:39,28,True,53.8344725252,55.5311682281,255.106597311,116.600513426,158.507219796,190.178699691,76.9746248041,87.4447736909,82.3445321246,4.25288292064,659.6683604,659.6683604,883.41109977
2018-02-09-18:09:39,29,True,54.4447471877,54.3289807177,116.833303939,271.71863979,157.435573967,188.392623293,76.459410511,86.8068892673,81.4803016014,3.19353493009,690.4335998,690.4335998,892.45645471
2018-02-09-18:14:39,30,True,54.4558210497,53.4150778245,85.5667403733,380.721842204,156.521931368,186.869885711,76.020159316,86.263054368,80.7434931374,-1.28512562029,739.337613,739.337613,859.467554323
2018-02-09-18:19:39,31,True,53.6045817873,53.2122549946,275.673442315,187.439147935,155.169428034,184.615714877,75.3699128998,85.4579930073,79.6527660929,-1.25463246165,741.3461594,741.3461594,858.499384061
2018-02-09-18:24:39,32,True,52.6262191133,53.5366715062,268.703434397,181.520796653,154.737715894,183.896193169,75.1623633716,85.2010213664,79.3046096056,-0.631650407463,771.0069059,771.0069059,899.084578257
2018-02-09-18:29:39,33,True,52.5479246702,53.5690312229,221.045053467,271.154843299,154.814737585,184.024563243,75.1993914342,85.2468676505,79.3667244799,-2.91470041668,781.1983704,781.1983704,867.650758026
2018-02-09-18:34:39,34,True,53.3501403384,52.8414711083,111.499400674,347.708382474,153.02338374,181.038973169,74.3381646049,84.1805855725,77.922083949,-1.32065444162,772.3954798,772.3954798,883.690887688
2018-02-09-18:39:39,35,True,53.1164143106,52.4078828542,157.285558821,305.820313451,152.593635382,180.322726222,74.1315538722,83.9247830131,77.5755130353,-1.59796102777,770.7487116,770.7487116,876.191050853
2018-02-09-18:44:39,36,True,52.6133669828,52.4636350802,201.768553746,294.349930067,151.745110408,178.908517981,73.7236090806,83.4197086281,76.89121876,-3.48537428842,814.682722,814.682722,883.252403045
2018-02-09-18:49:39,37,True,51.8109041056,52.7588007575,297.21162984,191.555461658,150.750755836,177.251260839,73.2455527292,82.8278309491,76.0893204566,-3.23508198406,822.7352147,822.7352147,894.132844011
2018-02-09-18:54:39,38,True,51.5256549161,52.1603750481,243.595348825,299.512396955,149.78333157,175.638886427,72.7804467421,82.2519831091,75.3091388862,-6.24658766634,852.0290464,852.0290464,864.685087354
2018-02-09-18:59:39,39,True,59.6259281485,51.3510642906,0.00183274789809,477.928935059,149.354741793,174.924569658,72.5743950869,81.996870115,74.9635014496,-2.90338306532,801.2925578,801.2925578,877.175868096
2018-02-09-19:04:39,40,True,51.9051510461,50.8559450029,130.406227281,290.758963744,146.92122289,170.868705605,71.4044319995,80.5483470409,73.0009871414,-0.0992113436443,790.0558176,790.0558176,911.634321251
2018-02-09-19:09:39,41,True,51.1111387854,52.375188121,361.541203131,119.348555522,147.807730248,172.346217094,71.8306395065,81.0760299107,73.7159115071,-3.1961015617,754.3322248,754.3322248,820.218994413
2018-02-09-19:14:39,42,True,50.5097794516,51.1455456406,237.225158296,228.841143933,145.230465405,168.050776738,70.5915672577,79.5419437992,71.6374733882,-2.66873439726,819.9423967,819.9423967,888.92832106
2018-02-09-19:19:39,43,True,53.2000504111,50.674820934,63.4148395057,378.832490276,145.596868684,168.661447924,70.7677254057,79.760040857,71.9329587279,-1.40888554306,773.210942,773.210942,867.682653817
2018-02-09-19:24:39,44,True,50.3740491501,50.588077212,250.114629639,203.075688807,142.999646753,164.332746001,69.5190574385,78.214075607,69.8384265952,-2.25459699479,758.2187529,758.2187529,829.932386848
2018-02-09-19:29:39,45,True,49.8994481061,51.0403021053,235.11116286,157.523196221,143.084128428,164.4735474,69.5596770774,78.2643621618,69.9065552098,0.878153927675,720.2540247,720.2540247,852.907935896
2018-02-09-19:34:39,46,True,50.4568707382,50.4848078873,117.371152847,246.444594703,142.272358497,163.120597515,69.169403068,77.7811657746,69.2519020409,2.27966724941,701.8009593,701.8009593,859.580638645
2018-02-09-19:39:39,47,True,51.4293764506,49.6913066004,65.6653083333,333.962622136,141.568660679,161.947768123,68.8310861552,77.3622980509,68.6844041892,0.312014041674,708.0379026,708.0379026,826.804189327
2018-02-09-19:44:39,48,True,50.5228537438,49.3614156272,122.517733946,264.404699655,140.788853108,160.648088527,68.4561793461,76.898126852,68.0555267178,0.868664101861,727.5096192,727.5096192,855.43396015
2018-02-09-19:49:39,49,True,49.3923705764,52.3992859085,323.363941797,16.5630177945,139.94913368,159.248556135,68.0524681106,76.3982938574,67.3783336156,3.10080970051,703.1986269,703.1986269,874.298452707
2018-02-09-19:54:39,50,True,48.3795983033,50.1443005808,298.781078677,49.1303981761,139.032789187,157.721315341,67.6119178129,75.85285071,66.6393461604,2.51891617708,682.425142,682.425142,841.371884358
2018-02-09-19:59:39,51,True,54.711261791,49.1395250333,0.00128402334455,359.483981457,137.980960304,155.968267177,67.1062309085,75.2267620864,65.7910970238,1.87015914989,730.5450236,730.5450236,873.133075619
2018-02-09-20:04:39,52,True,50.4171772502,48.2721395457,3.91178438841e-05,370.365664519,136.466499207,153.444165408,66.3781246734,74.3252971314,64.5697574787,1.06672048148,708.4718011,708.4718011,833.289941362
2018-02-09-20:09:39,53,True,49.3013373125,48.7079019704,165.377720063,193.479352483,136.886358913,154.143931542,66.5799802002,74.5752136417,64.9083539903,1.77399730108,736.7542504,736.7542504,874.991016141
2018-02-09-20:14:39,54,True,48.1075136854,51.8976316055,328.669327472,39.47132552,135.718479413,152.19746574,66.018499601,73.8800472769,63.966515734,1.08226080804,748.3599158,748.3599158,872.000270573
2018-02-09-20:19:39,55,True,47.6495850604,48.8307803918,212.636671583,136.185001586,134.371141511,149.951902544,65.3707410525,73.0780604269,62.8799528705,1.90877919524,722.4204757,722.4204757,859.250600936
2018-02-09-20:24:39,56,True,51.2024187572,48.3736199461,39.8586002547,289.127445894,135.069917955,151.116529952,65.7066912562,73.4939987869,63.4434822645,3.00151679332,722.7093671,722.7093671,882.553941166
2018-02-09-20:29:39,57,True,48.3028736456,47.5635042893,87.6443849681,289.561931268,132.483038774,146.805065595,64.4629972024,71.9541898987,61.3572908574,0.274691215384,750.0910501,750.0910501,849.947316192
2018-02-09-20:34:39,58,True,48.9176415283,47.9786983908,80.7194231359,246.527324917,133.716230437,148.860384084,65.0558799644,72.6882324067,62.3517987746,2.8933936275,731.679242,731.679242,887.105019615
2018-02-09-20:39:39,59,True,48.0225765847,47.7654152429,148.215843248,213.277511127,131.757331691,145.59555284,64.1141017264,71.5222212482,60.7720417201,0.968113165089,712.1050195,712.1050195,824.372914351
2018-02-09-20:44:39,60,True,46.947058303,50.783417553,349.246115761,43.0778788583,131.127948845,144.546581452,63.8115137787,71.1475886048,60.2644749457,-0.713418421447,751.5261285,751.5261285,830.100241507
2018-02-09-20:49:39,61,True,45.8676130371,51.3443542468,341.346324979,0.000364314247775,130.578418528,143.630697548,63.547316597,70.8204872193,59.8213052667,1.6016687621,759.7575965,759.7575965,886.809132366
2018-02-09-20:54:39,62,True,50.5168633154,47.4614900198,13.7271027699,299.662401116,130.318515392,143.197525686,63.4223630953,70.6657829767,59.6117060158,3.10916084767,758.5399066,758.5399066,912.366295879
2018-02-09-20:59:39,63,True,48.1877000114,46.9900630674,3.99706759863e-06,320.086361423,132.955808803,147.593014752,64.6902927229,72.2356004768,61.7385555679,3.07728759728,758.9398999,758.9398999,918.066806802
2018-02-09-21:04:39,64,True,46.9092817052,47.1298283781,185.059746333,107.525191216,128.040486356,139.400810633,62.3271568175,69.3098133143,57.7745858391,3.78536816525,750.8633685,750.8633685,915.131283911
2018-02-09-21:09:39,65,True,46.4106739495,49.6473492854,228.062006452,30.5299293722,128.026887675,139.37814621,62.3206188985,69.301718869,57.7636192428,5.37807455176,752.0249947,752.0249947,950.224049771
2018-02-09-21:14:39,66,True,50.4351580198,46.5511344308,13.7732690213,297.648431785,126.56456158,136.940936004,61.6175776036,68.4312866619,56.5843239219,2.67485851886,751.122309,751.122309,889.839293965
2018-02-09-21:19:39,67,True,47.9339026106,46.5571799506,6.71855442371e-05,228.870017163,128.959923843,140.933206533,62.7691941921,69.8570975228,58.516067763,6.95719485363,722.1651059,722.1651059,954.330511406
2018-02-09-21:24:39,68,True,46.0995056883,51.5812826304,231.042955649,40.605724022,125.002498747,134.337497999,60.8665857627,67.5014873658,55.3245959242,4.33226728626,721.9734361,721.9734361,893.357422228
2018-02-09-21:29:39,69,True,45.5594630429,52.5542025588,222.893243523,0.00216407394185,126.707010047,137.178350963,61.6860610296,68.5160775165,56.6992030643,6.85802642178,701.588496,701.588496,929.479791025
2018-02-09-21:34:39,70,True,50.3267009394,46.269746302,0.00409056187675,248.431164994,124.585486383,133.64247731,60.6660992138,67.253265705,54.9882954783,5.37203982231,708.10176934,708.10176934,900.802137874
2018-02-09-21:39:39,71,True,47.195843761,46.1307722718,7.90581081625e-06,244.849043669,126.36111891,136.601864955,61.5197687412,68.3101898238,56.4202572945,5.78668085616,703.39690379,703.39690379,907.76105194
2018-02-09-21:44:39,72,True,46.8384905102,45.348427484,21.1362262173,228.150122977,122.480098465,130.133497449,59.6538934781,66.0000586117,53.2904020025,5.01201720488,702.46094527,702.46094527,884.732546083
2018-02-09-21:49:39,73,True,50.7547516535,45.3409668503,0.00386572257376,225.44364699,124.471970885,133.453284989,60.6115242817,67.1856969712,54.8967510012,6.4044554615,765.49920195,765.49920195,980.670917365
2018-02-09-21:54:39,74,True,45.1476053216,48.6167890741,251.214871493,23.918569911,121.532177247,128.553628842,59.1981619538,65.435819809,52.5259495854,3.66858756973,803.03460272,803.03460272,955.146898753
2018-02-09-21:59:39,75,True,45.0162666081,47.0102681946,243.163143036,1.6074595091e-05,124.247225812,133.078709772,60.5034739891,67.0519201099,54.7155047497,5.4923340119,870.16878193,870.16878193,1066.60245725
2018-02-09-22:04:39,76,True,54.4856302998,45.0532533403,0.0075825249057,222.675052154,120.307760887,126.512935112,58.6095002183,64.7070005482,51.5385173052,5.92220480602,880.99593379,880.99593379,1079.98901318
2018-02-09-22:09:39,77,True,48.1685649076,45.6855359898,4.39056839678e-06,215.00754152,125.288297374,134.813829057,61.0039891039,67.6716055826,55.5550787034,7.02670319539,905.34744405,905.34744405,1134.67269796
2018-02-09-22:14:39,78,True,44.4959932855,48.9052600377,246.631842834,0.000322626422398,119.029880201,124.383133694,57.9951346677,63.9463572671,50.5079679555,4.61322853477,909.68649968,909.68649968,1078.916808
2018-02-09-22:19:39,79,True,44.5504158412,45.9768339823,223.025268406,5.79733794558e-05,122.613375844,130.355626512,59.7179691704,66.0793903684,53.3978838387,6.19033968249,895.43326306,895.43326306,1104.57218241
2018-02-09-22:24:39,80,True,52.8815522869,44.7138832719,0.000943005072529,293.882736401,119.63011838,125.383530639,58.2837107505,64.303641894,50.9920309619,2.55420463343,954.52560154,954.52560154,1079.23495476
2018-02-09-22:29:39,81,True,46.2420844657,44.734299398,4.70828695171e-06,289.23289629,124.052352514,132.753920952,60.4097848867,66.9359241124,54.5583488961,3.31742964834,953.80767846,953.80767846,1103.28510882
2018-02-09-22:34:39,82,True,44.3629582193,52.2259010208,231.062145584,0.00856760328966,118.050438133,122.750730233,57.5242490818,63.363356034,49.7180952922,5.18618426191,955.97196996,955.97196996,1136.30812555
2018-02-09-22:39:39,83,True,43.7079432657,45.6928569821,302.518779326,2.73349854526e-07,121.234029621,128.056716035,59.0548219332,65.2583509645,52.2855077591,2.23927023486,1012.06593131,1012.06593131,1135.43657802
2018-02-09-22:44:39,84,True,52.7027724297,44.6144083521,0.00252405329499,316.359018328,118.213107023,123.021845039,57.6024552979,63.4601827518,49.8492798588,1.34559912698,1033.3554084,1033.3554084,1129.14073599
2018-02-09-22:49:39,85,True,47.2248678261,44.5146609765,1.81883326468e-06,362.813094027,123.515260919,131.858768339,60.1515674742,66.616226762,54.1252107587,-0.234129839749,1106.47879671,1106.47879671,1179.93273512
2018-02-09-22:54:39,86,True,48.6884080737,43.791211557,0.000418589632496,412.7899368,118.918187751,124.196979711,57.9414364632,63.8798736399,50.4178934452,-3.07056440246,1167.29292701,1167.29292701,1169.85694263
2018-02-09-22:59:39,87,True,45.6873197314,44.3199613475,120.392351259,227.026619719,120.259830771,126.433052284,58.5864552539,64.678470889,51.4998654693,0.174240524302,1151.08502166,1151.08502166,1225.12372535
2018-02-09-23:04:39,88,True,44.3791774514,56.1643428887,415.710007246,0.000335641811848,122.455055582,130.091759313,59.6418536322,65.9851521333,53.2702061302,-2.88029760879,1266.67177336,1266.67177336,1282.40545726
2018-02-09-23:09:39,89,True,43.1454677539,46.0748451779,489.183485531,12.3118379609,119.071236022,124.45206034,58.015016757,63.9709738852,50.5413199947,-7.46707091916,1323.40595821,1323.40595821,1237.96124172
2018-02-09-23:14:39,90,True,58.680983816,45.0178929514,4.60941116941e-05,432.114740966,121.441255509,128.402092676,59.154449765,65.3816997068,52.4526255362,-3.61611748007,1283.85204633,1283.85204633,1278.56938246
2018-02-09-23:19:39,91,True,50.9936440265,44.5574612164,0.00106111365513,554.022375498,124.75235366,133.920599172,60.7463243133,67.3525914279,55.1228735078,-9.2955517657,1399.28823797,1399.28823797,1287.15954344
2018-02-09-23:24:39,92,True,44.847305175,53.0167377633,508.028228442,0.00110030359869,120.49925618,126.832093657,58.7015654346,64.8209858254,51.6929485748,-7.2487940841,1413.06172245,1413.06172245,1327.57924338
2018-02-09-23:29:39,93,True,43.7611307997,46.8242184116,477.868647468,14.8619193955,121.773083552,128.955139418,59.3139821581,65.5792164327,52.7202289928,-6.80181011903,1424.97662748,1424.97662748,1360.58771117
2018-02-09-23:34:39,94,True,59.3514428698,45.6118434335,0.000685368365527,678.512323739,124.456829607,133.428049612,60.6042449561,67.1766842967,54.8845402086,-14.9950623333,1553.4379168,1553.4379168,1315.47525637
2018-02-09-23:39:39,95,True,53.6176027439,44.9455466408,0.106841506631,659.985410714,125.476052739,135.126755001,61.0942554782,67.7833647691,55.7064948309,-14.3802355371,1500.04009715,1500.04009715,1285.13476775
2018-02-09-23:44:39,96,True,46.1891777546,52.7578643141,638.939349272,0.00661801995999,126.74767367,137.246122847,61.7056122112,68.5402819577,56.7319950074,-13.066741193,1529.31004471,1529.31004471,1341.33576311
2018-02-09-23:49:39,97,True,45.1570962246,46.807206225,479.904693691,204.680499459,127.155882083,137.926470604,61.9018658638,68.7832631638,57.0611958479,-15.412066898,1624.20809999,1624.20809999,1392.4515844
2018-02-09-23:54:39,98,True,54.6312964136,46.2316947367,0.000241794348814,730.197649419,130.984692713,144.307821255,63.742640761,71.0623170801,60.1489457858,-17.4466258731,1718.74725036,1718.74725036,1458.79577674
2018-02-09-23:59:39,99,True,47.1438622563,46.6482859479,466.338253239,337.614509767,131.217424593,144.69570799,63.8545306083,71.2008479941,60.3366331587,-20.8459518276,1710.54031239,1710.54031239,1377.89269373
2018-02-10-00:04:39,100,True,46.6224910172,47.5008664339,357.10154546,388.239920859,133.579154795,148.631924826,64.9899781335,72.6066397578,62.2412540437,-17.9281779327,1723.08211292,1723.08211292,1459.78959816
2018-02-10-00:09:39,101,True,47.3712404141,47.4627831719,326.568216131,506.173266679,133.406928286,148.34488057,64.9071770365,72.5041239738,62.1023616049,-22.1868664457,1887.3590491,1887.3590491,1535.88303776
2018-02-10-00:14:39,102,True,47.7318507401,48.4939812266,454.447177007,477.877952139,138.490833881,156.818056569,67.3513624106,75.5302582577,66.2022854735,-27.3640299755,1882.92068006,1882.92068006,1454.98834751
2018-02-10-00:19:39,103,True,49.1561617291,48.3538567125,233.678775696,564.089890095,137.489895696,155.149831093,66.8701458946,74.9344607298,65.3950810661,-20.3869308181,1890.80386537,1890.80386537,1592.87461406
2018-02-10-00:24:39,104,True,49.1362775573,48.9846281249,413.02467863,482.148754714,140.205001993,159.67500345,68.1754816184,76.5505964243,67.5846791512,-25.2914207988,1890.4543784,1890.4543784,1507.47170769
2018-02-10-00:29:39,105,True,49.2079998717,49.5330607876,475.675173478,553.674525076,142.926258696,164.210431237,69.4837782048,78.1703920768,69.779240945,-32.3774760283,2073.80104918,2073.80104918,1569.02145178
2018-02-10-00:34:39,106,True,49.7646875878,49.8604914139,412.038967351,577.23382489,143.905025158,165.841708656,69.9543390303,78.7529911601,70.5685687209,-30.2724717719,2066.37319658,2066.37319658,1606.12303706
2018-02-10-00:39:39,107,True,49.8252867918,50.5156750579,522.086095124,573.537791583,146.691587423,170.485979108,71.2940324071,80.411659177,72.8157963624,-36.0427438886,2112.51350702,2112.51350702,1558.58867479
2018-02-10-00:44:39,108,True,50.5939955478,50.9480551254,489.741256377,665.913477852,149.380909787,174.968186977,72.5869784855,82.0124458715,74.9846074771,-39.439523306,2225.68487071,2225.68487071,1623.96326508
2018-02-10-00:49:39,109,True,51.4775312206,51.1260964036,349.428845096,759.170355842,150.064230982,176.107054309,72.9154990055,82.419184589,75.5356722132,-36.8619211489,2172.89081772,2172.89081772,1621.33325788
2018-02-10-00:54:39,110,True,51.8436471021,51.9539360057,509.304514186,688.55050495,153.16560691,181.276015232,74.4065443142,84.2652418615,78.0367824185,-41.8638573382,2323.10019032,2323.10019032,1696.39536192
2018-02-10-00:59:39,111,True,52.3044073359,52.8672218384,541.362067377,662.885161022,156.150520544,186.250871617,75.8415986771,86.0419762061,80.4439711507,-42.4230728274,2341.53262826,2341.53262826,1722.01433806
2018-02-10-01:04:39,112,True,53.106397242,53.3919408591,522.218036052,702.347322925,158.98412289,190.973541207,77.203908625,87.7286442474,82.7291336605,-43.7316845392,2365.64937553,2365.64937553,1738.70336718
2018-02-10-01:09:39,113,True,53.6525129668,53.7717499929,525.144269068,796.769775503,161.796311114,195.660520517,78.5559223985,89.4025658549,84.997026655,-49.5043405766,2514.8513005,2514.8513005,1803.34960247
2018-02-10-01:14:39,114,True,54.3976235811,54.3519726878,544.201127465,837.856020309,164.30054076,199.834236275,79.7598788634,90.8931787919,87.0165664724,-53.252238461,2477.10416261,2477.10416261,1716.851416
2018-02-10-01:19:39,115,True,54.5701778784,54.7529618689,517.721058139,855.663831298,165.28922873,201.482049521,80.2352098101,91.4816835342,87.8138954752,-52.7387575858,2594.55362152,2594.55362152,1847.47079915
2018-02-10-01:24:39,116,True,55.049290704,55.519048203,604.064757254,837.330072706,168.003392435,206.0056559,81.5400961245,93.0972572645,90.0027372799,-57.0446347896,2619.8758817,2619.8758817,1817.13019074
2018-02-10-01:29:39,117,True,56.0110102384,56.0336431078,568.205328644,899.044355946,170.682900695,210.471502568,82.8283214138,94.6922026611,92.1636307803,-58.9008763647,2601.08596377,2601.08596377,1784.6748373
2018-02-10-01:34:39,118,True,56.6800477698,56.6243277803,580.517863314,882.348569185,173.676173768,215.460290973,84.2673956023,96.4739128349,94.5775607,-58.9284666004,2759.74887916,2759.74887916,1961.33778054
2018-02-10-01:39:39,119,True,57.3252318243,57.3937185014,642.630686174,844.319095471,175.71449858,218.857499312,85.2473594736,97.6872014981,96.2213712635,-60.5361131497,2629.15149973,2629.15149973,1815.92964821
2018-02-10-01:44:39,120,True,57.8700636781,57.8012741256,592.565894052,1034.61205869,178.113934096,222.856557981,86.4009330857,99.1154369924,98.1563994603,-69.5197959373,2885.140951,2885.140951,1942.60625987
2018-02-10-01:49:39,121,True,58.2448944106,58.5210555261,680.15574579,957.312583163,179.456675977,225.094461181,87.0464823895,99.9146881326,99.2392558859,-70.2231512201,2801.126615,2801.126615,1854.40984961
2018-02-10-01:54:39,122,True,59.0046038209,59.2346614784,637.954943048,1073.14113981,181.878765911,229.131277588,88.2109479194,101.356408385,101.192554088,-75.1613368585,2914.41258885,2914.41258885,1905.08645989
2018-02-10-01:59:39,123,True,59.5126585159,59.7809165138,706.669411592,1037.06306837,183.668388429,232.113981774,89.0713433843,102.421659911,102.635798059,-77.4230407318,3008.50739707,3008.50739707,1974.68608866
2018-02-10-02:04:39,124,True,59.754447001,60.2483819245,782.117190864,988.433190361,185.731500912,235.55250295,90.0632244469,103.649703162,104.299598759,-79.4072965012,3058.70566218,3058.70566218,2007.45181118
2018-02-10-02:09:39,125,True,60.5411825854,60.6226028563,643.390792331,1165.13758192,187.570785965,238.617977776,90.9474948904,104.744515702,105.782892922,-82.0050810265,3041.58090425,3041.58090425,1960.71619726
2018-02-10-02:14:39,126,True,61.162684818,60.9959750841,729.553538471,1145.00909399,189.534119731,241.890200457,91.8914044587,105.913166728,107.366226379,-86.7156711505,3252.50867515,3252.50867515,2114.54116044
2018-02-10-02:19:39,127,True,61.5185001894,61.6681864385,854.575519484,1053.08051207,191.496066685,245.160112749,92.8346474003,107.08099251,108.948442243,-89.0861701101,3235.56854656,3235.56854656,2073.43277659
2018-02-10-02:24:39,128,True,61.9388990972,62.021587043,729.529298052,1220.86495467,193.59930173,248.665504136,93.8458163378,108.332918089,110.644599226,-92.2750732012,3282.85562325,3282.85562325,2087.54951005
2018-02-10-02:29:39,129,True,62.0628067783,62.5219932292,958.577762307,1156.00143486,195.033766777,251.056279862,94.5354569619,109.186766578,111.801426291,-103.46635185,3489.59464959,3489.59464959,2136.62914889
2018-02-10-02:34:39,130,True,62.8334709419,62.6883077613,665.38637274,1428.29659671,197.117770864,254.529621167,95.5373684604,110.427245483,113.482075634,-102.740034925,3489.87900569,3489.87900569,2167.29011785
2018-02-10-02:39:39,131,True,63.2171266899,63.2388612896,925.166752899,1187.89326547,198.903434878,257.505726509,96.3958674403,111.490140452,114.922126262,-104.280505048,3492.31123619,3492.31123619,2158.46851336
2018-02-10-02:44:39,132,True,63.2985991079,63.7513662055,981.134599195,1215.35267146,200.719670355,260.532785942,97.2690329059,112.57123314,116.386832486,-110.441127516,3643.45978458,3643.45978458,2234.45206875
2018-02-10-02:49:39,133,True,63.9924918266,64.0055223634,744.197753028,1456.64308071,202.675602827,263.792674637,98.2092419891,113.735479043,117.964198327,-111.23742877,3621.63627238,3621.63627238,2217.17263546
2018-02-10-02:54:39,134,True,64.219017857,64.5714074933,979.877083166,1172.95314359,204.622519249,267.03753408,99.145123273,114.89435752,119.534291395,-108.461946918,3620.36282426,3620.36282426,2272.76642302
2018-02-10-02:59:39,135,True,64.7729821118,65.0124340846,882.387550866,1376.26955155,205.822343149,269.037241093,99.7066422178,115.608538648,120.501891511,-115.890060559,3709.99758479,3709.99758479,2262.01713899
2018-02-10-03:04:39,136,True,65.2976284756,65.5484654801,846.203464504,1375.70428959,207.864888547,272.441506536,99.8864697802,116.824341447,122.149117214,-113.973979141,3765.56373494,3765.56373494,2362.82230438
2018-02-10-03:09:39,137,True,65.4145837198,65.547816218,975.193423682,1401.16215679,209.338414635,274.897387373,99.9746121692,117.701440935,123.337446457,-125.361695508,3771.41808715,3771.41808715,2220.31180825
2018-02-10-03:14:39,138,True,65.9450747063,66.082486139,904.070080617,1376.93466583,210.958869106,277.598144429,99.9965298156,118.665996865,124.644264092,-119.021726826,3717.74739847,3717.74739847,2268.60645633
2018-02-10-03:19:39,139,True,66.1094024972,66.2465909659,916.792252854,1352.94629075,211.834802803,279.058034452,99.9986169983,119.187386013,125.350662465,-118.637451551,3685.78147868,3685.78147868,2251.47243781
2018-02-10-03:24:39,140,True,66.8132611537,66.6938871989,872.91300009,1400.02999756,213.631089506,282.051847616,99.9997006027,120.25660445,126.799281553,-119.159030615,3686.99185841,3686.99185841,2256.78738448
2018-02-10-03:29:39,141,True,66.7529660243,66.9702274067,1007.92510304,1324.24382576,213.949233912,282.582089464,99.9997799496,120.445976482,127.055850447,-123.453334795,3739.88018635,3739.88018635,2251.7441878
2018-02-10-03:34:39,142,True,67.2748092757,67.2014992538,805.556590432,1460.85735197,215.62471854,285.374566847,99.9999723499,121.443289048,128.407049148,-119.27976814,3617.40428511,3617.40428511,2201.83993864
2018-02-10-03:39:39,143,True,67.2400440574,67.7558562839,1020.06369468,1226.2395258,217.072162043,287.786976504,100.000030849,122.304863348,129.574344804,-118.302940117,3676.8227132,3676.8227132,2287.25787027
2018-02-10-03:44:39,144,True,67.9625980921,67.7666241898,809.776050597,1507.89811956,217.628471271,288.714162446,100.000027768,122.63600021,130.022982886,-123.545945366,3658.50590441,3658.50590441,2199.83337884
2018-02-10-03:49:39,145,True,67.4085954884,68.3053205441,1074.39129447,1241.99233611,218.933122621,290.88859235,100.000029541,123.412580439,131.075127967,-124.110362169,3695.46195844,3695.46195844,2243.38778077
2018-02-10-03:54:39,146,True,68.4071865241,68.5123210199,815.347219024,1414.03234144,220.722549549,293.870916626,100.000000224,124.477708161,132.518185497,-118.031409497,3626.32735731,3626.32735731,2268.5371569
2018-02-10-03:59:39,147,True,68.6850704973,68.61047773,860.02120577,1468.13630579,221.750852836,295.584755546,100.00000022,125.089793467,133.347462394,-125.694060682,3659.40646435,3659.40646435,2207.02181726
2018-02-10-04:04:39,148,True,68.9811214762,69.0996952085,1005.1082967,1228.14882061,223.690011957,298.816687729,99.9999993742,126.244054883,134.911300546,-119.189839777,3642.54971808,3642.54971808,2292.95465525
2018-02-10-04:09:39,149,True,69.3011305485,69.289247493,891.15125677,1516.32720559,224.280646957,299.801079361,100.000000315,126.59562334,135.387619076,-132.238152098,3740.65046194,3740.65046194,2219.23696863
2018-02-10-04:14:39,150,True,69.8008271981,69.9614161163,959.724851766,1315.80989284,225.716142299,302.193571805,100.000000026,127.450084876,136.545276707,-122.744319206,3717.44460535,3717.44460535,2333.81493646
2018-02-10-04:19:39,151,True,70.0322880378,70.3189982491,993.138409425,1420.51372741,228.409259001,306.68209985,100.000000812,129.053130568,138.717145103,-134.073609399,3781.51896738,3781.51896738,2270.72846588
2018-02-10-04:24:39,152,True,70.3965163663,70.477370699,901.449333389,1519.32189808,229.191278396,307.985465545,100.000000947,129.518618309,139.347805917,-134.753181626,3809.75949984,3809.75949984,2295.03143748
2018-02-10-04:29:39,153,True,70.3188213022,70.8486549081,1058.31335634,1422.12819329,230.620397428,310.367330766,100.000001,130.369284425,140.500321337,-139.899548279,3861.37879386,3861.37879386,2292.79457918
2018-02-10-04:34:39,154,True,70.8977440373,71.0191481142,994.391770213,1550.99381602,230.919719445,310.866200774,100.000000905,130.547452288,140.741710044,-144.606593742,3928.29415342,3928.29415342,2295.98365064
2018-02-10-04:39:39,155,True,71.2936644421,71.4352629131,916.773124644,1512.205661,232.225427224,313.042380502,100.000000796,131.324659308,141.794700224,-136.136889998,3889.95765298,3889.95765298,2379.36603539
2018-02-10-04:44:39,156,True,71.5216554542,71.9193597963,1158.29357918,1396.44766329,235.122614389,317.8712324,100.000023405,133.049203191,144.131235999,-147.043159117,3958.57731591,3958.57731591,2334.01038283
2018-02-10-04:49:39,157,True,72.2756154273,71.6581904334,836.422353716,1794.60554955,235.658253245,318.763971962,99.9999547872,133.368036178,144.563205016,-153.111234702,3999.97247874,3999.97247874,2301.29799666
2018-02-10-04:54:39,158,True,71.6945883783,72.5818411621,1272.81584254,1247.73665859,236.621757725,320.369835105,100.000002552,133.941554446,145.340235262,-144.896328496,3936.29668222,3936.29668222,2352.01756618
2018-02-10-04:59:39,159,True,73.5083249524,72.4061123005,815.782995952,1747.70966843,239.43412297,325.057174223,99.9997745164,135.615593974,147.608300208,-149.394135927,4043.39411336,4043.39411336,2427.61641487
2018-02-10-05:04:39,160,True,72.5640096858,73.3911737962,1191.00067881,1416.9568213,239.886246863,325.810711375,99.9998466925,135.884715235,147.972914912,-152.708244116,4020.85705637,4020.85705637,2362.45399134
2018-02-10-05:09:39,161,True,73.6336216955,73.1640819605,1018.68862905,1623.04066978,241.153926786,327.923561177,99.9996835261,136.639296805,148.995260195,-155.653941637,4045.61748738,4045.61748738,2358.59991704
2018-02-10-05:14:39,162,True,73.7295080717,73.7448023651,938.628307784,1612.16351841,243.289809156,331.483445522,99.9994649548,137.910672494,150.717782631,-149.375632696,4034.90847767,4034.90847767,2447.51782623
2018-02-10-05:19:39,163,True,74.239916716,73.8669774555,1148.57667035,1479.18031999,244.635607272,333.726493178,99.9993946144,138.711755132,151.803126865,-156.035048546,4056.6872815,4056.6872815,2397.80666822
2018-02-10-05:24:39,164,True,74.3396587241,74.5216315951,1069.88033118,1594.71940709,245.866402305,335.777901178,99.9991014322,139.444389653,152.795741549,-159.240175908,4089.64515365,4089.64515365,2398.9289515
2018-02-10-05:29:39,165,True,73.9861969745,75.1822644077,1309.80835908,1419.98446529,249.89232319,342.488018369,99.9985923957,141.840834209,156.042566699,-167.978580842,4119.39312813,4119.39312813,2379.86263863
2018-02-10-05:34:39,166,True,75.125214229,74.8080948844,817.767233435,1871.88103823,247.828712933,339.048609479,99.9984605775,140.612475803,154.378337564,-162.09950472,4111.47101673,4111.47101673,2403.68934142
2018-02-10-05:39:39,167,True,74.4764711551,75.6456244272,1324.81373922,1390.92549641,253.185484787,347.976930924,99.9978872154,143.801131565,158.698486204,-168.441370925,4078.09059973,4078.09059973,2366.01128479
2018-02-10-05:44:39,168,True,77.4843428801,73.3092495689,546.731411179,2210.97772806,254.362769786,349.937967212,99.9999549823,144.501652672,159.647403052,-177.803849419,4128.57065327,4128.57065327,2379.31126173
2018-02-10-05:49:39,169,True,68.0710304487,76.3603391435,1619.97230933,1090.69709837,250.804120226,344.007693822,99.9989776697,142.383575739,156.777893503,-181.968370201,4136.54833571,4136.54833571,2419.85118897
2018-02-10-05:54:39,170,True,77.211095307,74.9685396861,677.629084019,2080.38835424,254.813159717,350.688616665,99.9999564926,144.769741875,160.010620558,-173.703657837,4123.85480927,4123.85480927,2376.11946632
2018-02-10-05:59:39,171,True,69.3591953038,77.6757182288,1619.10432349,1002.38471048,260.447438504,360.079141889,99.9999504661,148.123488131,164.554420048,-174.622971185,4020.53771833,4020.53771833,2432.2531234
2018-02-10-06:04:39,172,True,78.7848414777,70.4309354845,342.492269466,2406.38397258,256.142690274,352.904503947,99.9999286184,145.561129782,161.08282403,-202.602948743,4053.46060567,4053.46060567,2320.27544027
2018-02-10-06:09:39,173,True,71.0937827131,77.8857777275,1619.97517265,869.460966183,255.45846467,351.764243862,99.9996933308,145.153870987,160.53108015,-174.821300626,3960.67713944,3960.67713944,2484.14835361
2018-02-10-06:14:39,174,True,79.391233912,71.6703059274,398.868931496,2406.38389091,263.645637867,365.409442634,99.9998763143,150.027177704,167.133600502,-213.214668251,4115.41715907,4115.41715907,2356.38007169
2018-02-10-06:19:39,175,True,69.6417400525,78.184776655,1619.97456604,1027.47860584,258.373814211,356.623666393,99.992175223,146.88930351,162.882397564,-199.205940504,4019.50562846,4019.50562846,2396.81381348
2018-02-10-06:24:39,176,True,80.2664779683,69.3560201171,264.610069048,2406.38397026,265.203698339,368.006214958,99.9998447248,150.954596137,168.3901032,-219.398100219,3942.44855298,3942.44855298,2324.00897103
2018-02-10-06:29:39,177,True,71.3435251977,78.2354881317,1619.97544991,952.38223357,258.538002461,356.896683854,99.9997687264,146.986909005,163.014524039,-205.156244593,3902.49889407,3902.49889407,2355.57709868
2018-02-10-06:34:39,178,True,81.0392953003,69.3822988078,303.737990712,2406.29203347,279.892265334,392.487557294,99.9996732816,159.697923856,180.235912551,-221.416829257,3915.49826724,3915.49826724,2317.78157538
2018-02-10-06:39:39,179,True,74.439226499,78.6308814682,1619.97544876,874.177422701,259.388063609,358.313457988,99.9996670053,147.492899157,163.700059785,-210.260319196,3885.16393251,3885.16393251,2419.9052086
2018-02-10-06:44:39,180,True,81.786397414,72.6591604005,218.418543406,2406.38374467,283.78079267,398.968771354,99.9995256112,162.012644107,183.371984257,-233.718327502,3781.82600446,3781.82600446,2285.15743439
2018-02-10-06:49:39,181,True,73.7545735912,78.8662484427,1619.97544439,919.644970128,262.81443318,364.024092141,99.999377837,149.532409787,166.463269543,-233.003805724,3907.79682979,3907.79682979,2411.00999776
2018-02-10-06:54:39,182,True,81.6697716389,75.4338777946,449.583962771,2303.16546011,295.342185039,418.314227386,99.9993852839,168.921724299,192.732688338,-232.04479492,3876.01423097,3876.01423097,2298.57501843
2018-02-10-06:59:39,183,True,72.9209141782,79.1151745916,1619.97544646,1025.5297458,272.673125983,380.455275881,99.9996096548,155.400689498,174.413842292,-242.42068012,3958.27604333,3958.27604333,2395.71339438
2018-02-10-07:04:39,184,True,82.1777594268,71.4175877945,354.845238626,2406.38391043,299.820571655,430.543173954,99.9999863825,173.289162371,198.649914475,-321.922853731,3922.90769465,3922.90769465,2363.98135443
2018-02-10-07:09:39,185,True,74.9211904049,79.3006301652,1619.97544463,1035.9907053,281.831528748,395.719821775,99.9987788724,160.852305589,181.799911658,-287.791627586,3936.87307867,3936.87307867,2401.10927538
2018-02-10-07:14:39,186,True,82.5925808423,70.4408726998,577.515136442,2406.38311085,299.999579231,487.791521117,99.9969873961,193.729832731,226.359301832,-375.974337664,4014.05327799,4014.05327799,2338.03225301
2018-02-10-07:19:39,187,True,75.6351118706,79.7980780311,1619.97544219,1159.54938294,294.314860706,416.565196721,99.9991425798,168.297073997,191.88638286,-314.818262554,4121.60659218,4121.60659218,2513.14442392
2018-02-10-07:24:39,188,True,82.6386790104,76.6519165249,817.814673488,2330.71662748,299.999994542,499.999983654,99.9999689455,199.999910978,249.999917344,-469.071262679,4206.51997248,4206.51997248,2407.98844697
2018-02-10-07:29:39,189,True,76.5016806693,80.3293266324,1570.56765325,1450.26017866,299.999929533,499.999489124,99.998690464,199.998109863,244.202716824,-333.923583518,4098.23161615,4098.23161615,2421.60272005
2018-02-10-07:34:39,190,True,82.5009148458,77.7611282297,996.642012834,2206.53443327,299.999976807,499.999963719,99.9999789262,199.9991637,249.999083871,-500.991363871,4290.94489936,4290.94489936,2437.76662028
2018-02-10-07:39:39,191,True,77.7034337108,80.4848102905,1559.72165876,1696.81595947,299.99997941,499.999963563,99.9999881614,199.998697765,249.998615766,-512.565769752,4403.44909501,4403.44909501,2496.90872144
2018-02-10-07:44:39,192,True,82.4972431935,78.6686496105,1151.17264187,2110.04753889,299.999988109,499.999984835,99.9999907777,199.999009542,249.999526732,-554.406807695,4402.62532038,4402.62532038,2491.40363962
2018-02-10-07:49:39,193,True,81.6696922613,80.3055240926,1199.30462718,2019.05607015,299.999979801,499.999974805,99.9999744859,199.998439167,249.999514005,-558.739624015,4393.15191735,4393.15191735,2524.78910229
2018-02-10-07:54:39,194,True,79.6853165053,80.125795501,1532.2911877,1704.73126781,299.999997666,499.999996525,99.9999870295,199.999998573,249.999962961,-718.89128874,4455.95676491,4455.95676491,2568.93425215
2018-02-10-07:59:39,195,True,82.9019237068,78.700206756,923.142677635,2182.12303151,300.000008778,500.000012807,99.9999837792,199.999998161,249.999871186,-603.383005364,4325.77269439,4325.77269439,2570.50685996
2018-02-10-08:04:39,196,True,80.5387824162,81.5321463775,1478.82928403,1497.79957486,299.999990655,499.999986038,99.9999701591,199.999982768,249.999963291,-605.739450007,4222.05173978,4222.05173978,2595.4227738
2018-02-10-08:09:39,197,True,83.90613805,80.8535020151,995.33839962,1893.01089938,299.999928773,499.999956659,99.9994822378,199.999930025,249.99813092,-669.24988096,4081.84988015,4081.84988015,2543.49800977
2018-02-10-08:14:39,198,True,82.6080037685,82.1738792124,1245.47276099,1757.46803627,299.999993799,499.999993065,99.9999605223,199.999990832,249.99998192,-795.03325037,4194.24816419,4194.24816419,2541.30728707
2018-02-10-08:19:39,199,True,83.8105019747,81.0852110061,1186.01130727,1840.24552168,299.999937047,499.999967908,99.9995289499,199.999937168,249.998066438,-735.733901817,4169.40737577,4169.40737577,2493.14798433
2018-02-10-08:24:39,200,True,83.1348634576,81.8529180877,1119.4321901,1780.872257,299.999916296,499.999939629,99.999394308,199.99990934,249.997667144,-671.288310454,4002.99206468,4002.99206468,2452.6844443
2018-02-10-08:29:39,201,True,84.2883451418,81.4514459255,1027.10637708,1779.27962802,299.999909115,499.999936262,99.9993141088,199.999907697,249.997686081,-616.862890643,3862.92454415,3862.92454415,2406.53529232
2018-02-10-08:34:39,202,True,81.8634777889,82.6320922985,1418.55883987,1447.61588301,299.999909138,499.99992745,99.9992181024,199.999910869,249.997550931,-680.448348184,3943.6492746,3943.6492746,2427.47106821
2018-02-10-08:39:39,203,True,85.3812348892,79.6283053805,507.1445516,2133.08961537,299.999955855,500.000030568,99.9996299159,200.000003498,249.999295143,-575.035444718,3731.78088521,3731.78088521,2441.54563322
2018-02-10-08:44:39,204,True,76.2020942333,82.1876000532,1619.97537546,1133.69663532,299.999988928,499.999986888,99.9999827407,199.999182869,249.99919245,-517.346719811,3796.74300439,3796.74300439,2393.06932749
2018-02-10-08:49:39,205,True,85.8511000049,75.0842583369,208.050428324,2406.38397394,299.999982612,499.999797078,99.9999159167,199.99823313,245.543556159,-393.456821397,3703.46119682,3703.46119682,2434.56827945
2018-02-10-08:54:39,206,True,78.1991494321,82.2910743097,1619.97542512,617.104990154,287.053115514,404.452652246,99.9988738496,163.971043062,186.025456133,-369.606480994,3656.54187479,3656.54187479,2560.96260032
2018-02-10-08:59:39,207,True,85.3055368617,75.5800084435,360.584178788,2406.38396014,299.99980923,499.999046641,99.9992397383,199.998143796,247.06056641,-544.441571118,3838.26482249,3838.26482249,2418.35348938
2018-02-10-09:04:39,208,True,76.2787527666,82.2709940513,1619.97544889,655.624296687,289.189093244,407.986746604,99.9994704763,165.233344307,187.735519865,-348.498504084,3735.35336461,3735.35336461,2609.89779353
2018-02-10-09:09:39,209,True,999,72.3043833847,0.000203701883853,2406.38398279,299.996718096,451.575496164,99.9990225391,180.800582414,208.826844181,-427.819835755,3649.58218702,3649.58218702,2484.39666392
2018-02-10-09:14:39,210,True,80.6945989578,82.0840477907,1619.97511994,650.874329,269.396158376,374.99412322,99.9999267699,153.450256814,171.771345939,-386.055802659,3729.17725649,3729.17725649,2527.93961867
2018-02-10-09:19:39,211,True,90.1323067686,77.5749088599,253.433677892,2406.3839816,299.99992662,499.99996443,99.9999174856,199.999997664,249.998316728,-499.505266506,3799.97289945,3799.97289945,2490.15336289
2018-02-10-09:24:39,212,True,79.6595925022,82.1753295391,1619.97542869,678.481780369,284.496192557,400.167738748,99.998445571,162.440789825,183.95212025,-352.671661471,3668.94309943,3668.94309943,2501.54117732
2018-02-10-09:29:39,213,True,92.3045557606,75.4082516495,25.7793202373,2406.38394293,299.999212715,454.580996136,99.9999673513,181.874092481,210.281070251,-440.797918016,3688.26154536,3688.26154536,2502.83362112
2018-02-10-09:34:39,214,True,79.4665128003,82.223181809,1619.97436717,703.442228339,272.078260302,379.465683626,99.9998046494,155.047175514,173.93498781,-437.575350593,3829.15335593,3829.15335593,2586.26267232
2018-02-10-09:39:39,215,True,92.3633783241,72.9276391901,154.604618534,2406.383983,299.999940357,499.999969554,99.9999572874,200.000009522,249.999588957,-493.50929769,3658.01039296,3658.01039296,2447.0212571
2018-02-10-09:44:39,216,True,80.8679954248,82.4465903421,1619.97489714,710.413769789,287.284004181,404.907594628,99.9976088212,164.133414738,186.245587393,-445.887440106,3711.30806914,3711.30806914,2523.48761198
2018-02-10-09:49:39,217,True,91.7340503124,76.9272587691,175.240404662,2406.3839685,299.99992474,499.999113104,99.9998125037,199.997475771,242.24327908,-469.742543477,3783.29586509,3783.29586509,2543.91109713
2018-02-10-09:54:39,218,True,79.6785782649,82.5067938422,1619.97543394,726.447806059,274.357492762,383.262627872,99.9999293222,156.403313249,175.772238209,-494.60262926,3796.23590766,3796.23590766,2539.60826908
2018-02-10-09:59:39,219,True,92.0685265848,76.1675216658,157.691854344,2406.38396406,299.999903638,499.999666406,99.9997694342,199.99947052,246.804675776,-489.225685937,3727.10021446,3727.10021446,2509.82788183
2018-02-10-10:04:39,220,True,81.3475468976,82.5227729341,1619.97299605,714.253765402,280.415047872,393.384370805,99.9969896292,160.017641958,180.669764495,-497.082946645,3769.77629392,3769.77629392,2550.03334723
2018-02-10-10:09:39,221,True,93.5076992623,74.9111425328,45.7024013675,2406.38378104,299.999618541,481.686587003,99.9996425907,191.553193073,223.397930226,-401.426282862,3674.0996208,3674.0996208,2518.65040982
2018-02-10-10:14:39,222,True,80.167742494,82.3350613875,1619.97543852,626.772495113,270.340224533,376.567233886,99.9994591668,154.012095492,172.53253043,-494.919810462,3686.94110715,3686.94110715,2513.64471703
2018-02-10-10:19:39,223,True,92.9102369045,76.1433685409,169.494429561,2406.38395297,299.999907835,494.257525953,99.9997494007,196.061968457,229.528623752,-434.862681737,3734.48118148,3734.48118148,2478.45057434
2018-02-10-10:24:39,224,True,81.605634892,82.2111024142,1619.97544748,500.226140629,270.439852957,376.733166036,99.9998904928,154.071363974,172.61282137,-437.419805933,3577.6258266,3577.6258266,2531.28133332
2018-02-10-10:29:39,225,True,999,75.147014803,0.000131831865123,2406.38401237,299.999852119,467.586802192,99.9996516677,186.518888173,216.57426751,-373.457252435,3546.68680121,3546.68680121,2410.98211867
2018-02-10-10:34:39,226,True,84.0317843017,81.7906963252,1619.97484091,530.480346488,266.893526447,370.824264059,99.9986294045,151.960912958,169.75364758,-376.438241806,3597.43518281,3597.43518281,2506.41097586
2018-02-10-10:39:39,227,True,999,79.5149877562,1.46976868319e-06,2321.51376314,300.000000113,499.999998393,99.9999977422,200.000001461,249.999968507,-311.024023645,3378.81059166,3378.81059166,2407.29679327
2018-02-10-10:44:39,228,True,88.0595948979,81.5585420159,1619.97544448,682.260943305,296.721111086,420.789050452,99.9999710019,169.805585462,193.930180074,-341.679523122,3472.69576283,3472.69576283,2351.70527312
2018-02-10-10:49:39,229,True,98.9369559784,78.9216575117,166.212879862,2173.46241766,299.999993746,490.322034886,99.9999560639,194.638731701,227.575478404,-218.41563548,3489.46153213,3489.46153213,2462.32242941
2018-02-10-10:54:39,230,True,87.89407191,82.3012013712,1619.97537253,368.766855605,282.801113063,397.341850695,99.9915987602,161.43150254,182.584744871,-258.361477174,3201.14893735,3201.14893735,2336.55751915
2018-02-10-10:59:39,231,True,97.1676912044,79.3424133913,174.364595982,2200.77224525,299.999623965,478.304096292,99.9970487374,190.345174711,221.761039504,-214.087746736,3423.95739707,3423.95739707,2339.22753905
2018-02-10-11:04:39,232,True,88.3244204331,81.6658541254,1619.97542745,396.908201352,296.526299313,420.453708446,99.9985782675,169.685815356,193.767918569,-186.879152194,3169.92439386,3169.92439386,2333.47308501
2018-02-10-11:09:39,233,True,94.8344138793,81.3653297638,740.550735902,1477.45246301,299.999834885,462.838028974,99.9986701624,184.822939131,214.276509094,-150.763828435,3178.33580582,3178.33580582,2222.26858915
2018-02-10-11:14:39,234,True,94.5257154552,80.7573264809,587.236741498,1618.52953507,299.999993452,499.999470601,99.9999595923,199.982287591,237.552272845,-168.983258533,3151.85510423,3151.85510423,2283.62281175
2018-02-10-11:19:39,235,True,89.1571607345,81.6947222029,1619.97545729,640.106555034,299.999967924,463.919319309,99.9999304442,185.209260555,214.799674034,-264.26975533,3162.40146432,3162.40146432,2166.24760426
2018-02-10-11:24:39,236,True,94.886462553,80.3809289968,111.682138631,1930.07296387,299.999545864,453.538376491,99.998316458,181.501693238,209.776642142,-145.451008537,3059.67474925,3059.67474925,2262.73422095
2018-02-10-11:29:39,237,True,88.1853404693,81.6319975392,1619.97339289,495.268711169,299.999689987,450.923028051,99.9990283638,180.567670662,208.511153381,-136.084352479,3090.57281778,3090.57281778,2215.33128417
2018-02-10-11:34:39,238,True,92.0858697613,81.3870524199,849.680690655,1220.69268698,299.99972265,446.138616998,99.9993366168,178.858993588,206.196108613,-128.570302444,3022.22740827,3022.22740827,2183.0468091
2018-02-10-11:39:39,239,True,91.3102559325,81.6792808799,902.608455643,1104.65927211,299.999731228,446.50188029,99.9993215565,178.988729371,206.371881349,-121.881475381,2993.14105181,2993.14105181,2217.73486785
2018-02-10-11:44:39,240,True,88.7431799251,83.3985369864,1559.38780879,434.010599672,299.999822033,468.960941337,99.9984556471,187.009457729,217.239338211,-132.050958648,2908.14534017,2908.14534017,2187.95494667
2018-02-10-11:49:39,241,True,96.4534526435,80.2600712222,0.000379796581028,2049.13112655,299.999776998,458.068057514,99.9987054049,183.119437639,211.968428878,-154.092818134,2985.32542903,2985.32542903,2189.34832912
2018-02-10-11:54:39,242,True,88.7166755051,81.7839947766,1619.97544537,222.831417916,279.120303034,391.200582472,99.9999196134,159.238300076,179.61318439,-111.80993026,2845.52335403,2845.52335403,2111.88878033
2018-02-10-11:59:39,243,True,89.0174037479,81.9489047166,1201.78272407,707.991769359,299.992755209,429.030953649,99.9999944713,172.749149559,197.918203314,-107.599946004,2938.65265463,2938.65265463,2228.56921741
2018-02-10-12:04:39,244,True,97.8187783057,80.4119869899,0.000378537800166,1790.18046052,299.999342765,444.908103211,99.9991480432,178.419521606,205.600696416,-112.822170276,2808.69731653,2808.69731653,2247.44328952
2018-02-10-12:09:39,245,True,89.043509792,82.5750045379,1619.97544822,179.719938197,271.47694814,378.461613502,99.9999128364,154.688668875,173.449167221,-110.005321416,2837.69688636,2837.69688636,2116.07781052
2018-02-10-12:14:39,246,True,80.9062601099,85.5920720158,1619.97540154,125.794056436,282.94306386,397.572501122,99.9992272457,161.513969794,182.696367838,-95.6765225816,2815.56988293,2815.56988293,2194.52555481
2018-02-10-12:19:39,247,True,90.3789518324,82.2402980774,0.0137146925055,1711.42824802,295.774682336,419.005453931,99.9994893089,169.168600709,193.067153326,-94.9615297331,2702.59704596,2702.59704596,2168.17046285
2018-02-10-12:24:39,248,True,83.7026312701,82.1000454068,1619.9742345,311.853611532,291.331563493,411.55814907,99.9995563928,166.508846414,189.463618766,-109.339215321,2765.18536854,2765.18536854,1992.21925664
2018-02-10-12:29:39,249,True,77.4425822093,999,1619.97277422,3.96453589224e-05,280.228929156,393.048813709,99.9997275963,159.898369438,180.507487836,-81.9876376169,2621.84564803,2621.84564803,2115.5561619
2018-02-10-12:34:39,250,True,88.925039257,85.2699808641,0.000944835564737,1702.70326016,292.864873873,414.115641597,99.9995973668,167.422239376,190.701115452,-89.4149751328,2690.87970739,2690.87970739,2153.27897005
2018-02-10-12:39:39,251,True,86.0577030193,83.4433427358,1038.08909458,772.571145516,289.753140784,408.924429421,99.9996452056,165.568236351,188.189238641,-96.8387631759,2563.70198091,2563.70198091,1905.47643122
2018-02-10-12:44:39,252,True,85.7913944451,85.5214441266,1215.29309043,324.163144892,287.966946705,405.946846432,99.9995820272,164.504812437,186.748472304,-72.2996750394,2579.48734246,2579.48734246,2185.19776705
2018-02-10-12:49:39,253,True,85.106737794,85.0392745564,644.839600403,943.881427736,284.17939948,399.632855004,99.9997392459,162.24982056,183.693315707,-76.2403641189,2538.12735064,2538.12735064,2079.1614525
2018-02-10-12:54:39,254,True,85.7554015386,84.8953146809,834.166096322,645.988668825,288.797945824,407.332064926,99.9996043425,164.999534377,187.418739551,-67.0536856348,2521.66776148,2521.66776148,2190.06088535
2018-02-10-12:59:39,255,True,85.1943506434,84.4115694251,822.266608617,690.109934338,286.35548569,403.260200628,99.9996577591,163.545298945,185.448482733,-69.8723866321,2519.80068739,2519.80068739,2146.03327019
2018-02-10-13:04:39,256,True,84.3722260461,85.341879089,1039.42597234,473.56633022,284.164825238,399.608715705,99.9996591133,162.241197647,183.681635148,-70.1368944401,2595.35931081,2595.35931081,2212.0630411
2018-02-10-13:09:39,257,True,84.7778653748,84.1075022754,596.887457012,841.875862747,283.025457407,397.709535611,99.9997282192,161.562920734,182.762677241,-63.1074051207,2516.88342192,2516.88342192,2203.18042137
2018-02-10-13:14:39,258,True,84.5238946868,84.3665919999,814.744723891,675.597345397,282.084532313,396.141276388,99.9997238526,161.002828074,182.003842096,-67.5763033734,2557.86368999,2557.86368999,2188.75382343
2018-02-10-13:19:39,259,True,83.7342637389,84.5561247761,976.640843548,362.437580369,280.849874644,394.083472694,99.9996862553,160.267897825,181.008130533,-54.7199491671,2436.859985,2436.859985,2213.99062303
2018-02-10-13:24:39,260,True,85.5883382881,83.3449462403,252.099018104,1231.66692255,282.849430902,397.416029445,99.9997912221,161.458098897,182.620658369,-67.7099341837,2486.1869046,2486.1869046,2126.76497278
2018-02-10-13:29:39,261,True,84.0709349408,85.2952892087,1110.56566127,239.617008571,280.841638238,394.069761151,99.9996705237,160.263000092,181.00149576,-55.6538029014,2402.0423672,2402.0423672,2168.03526312
2018-02-10-13:34:39,262,True,82.4338300048,84.3284543282,1026.58094051,410.959629961,276.350000732,386.583494713,99.9997641505,157.589336385,177.379109174,-63.3204109489,2468.6258541,2468.6258541,2128.98698878
2018-02-10-13:39:39,263,True,85.5206410612,83.4333941286,133.103575846,1244.7888871,279.29499256,391.491819556,99.9998112615,159.342310279,179.754105197,-58.3163160207,2342.4879415,2342.4879415,2074.47851741
2018-02-10-13:44:39,264,True,82.3977079798,84.3030724026,1383.11832426,126.55998786,275.741176365,385.568786998,99.9997514312,157.226938476,176.888120988,-69.5470287128,2437.1167338,2437.1167338,2022.86319594
2018-02-10-13:49:39,265,True,82.1252127661,83.3727681035,830.745470764,552.150658246,273.911070924,382.518565021,99.9998102422,156.137576781,175.412207839,-58.2394949292,2318.5104467,2318.5104467,2023.5935485
2018-02-10-13:54:39,266,True,89.6317832243,82.1926240682,0.0482209819493,1320.4907418,276.963415655,387.605818135,99.9997949043,157.954452107,177.873781773,-53.7836124383,2235.8015323,2235.8015323,2015.65983209
2018-02-10-13:59:39,267,True,82.4753640622,91.078206219,1380.23888593,0.0275820780903,274.821678938,384.036293781,99.999760191,156.67961938,176.146592008,-58.3606248233,2295.951175,2295.951175,2007.36865129
2018-02-10-14:04:39,268,True,82.1375453311,82.6310457891,509.03064075,848.761606989,271.181163207,377.968680908,99.9998651537,154.512619401,173.210651194,-55.7284222926,2179.5927622,2179.5927622,1898.67349433
2018-02-10-14:09:39,269,True,82.7600244236,81.2361848616,198.28797794,1170.77548746,271.000654665,377.66782091,99.9998790812,154.405169909,173.065073872,-57.4266356795,2166.1685766,2166.1685766,1873.24370964
2018-02-10-14:14:39,270,True,80.4190774554,87.4539033463,1393.98025987,0.00456808915797,271.940900846,379.234945225,99.9997960185,154.964854352,173.823359306,-60.4753690295,2221.8234423,2221.8234423,1907.80247009
2018-02-10-14:19:39,271,True,81.9878365861,81.6416081598,175.431048843,1178.58639727,268.537728096,373.56293294,99.9999002849,152.939138533,171.07883773,-55.5416615162,2142.8978207,2142.8978207,1854.99891217
2018-02-10-14:24:39,272,True,81.7707610909,81.0983887393,513.790401421,751.57160806,268.828784571,374.048035098,99.9998752033,153.112389156,171.313564573,-48.2508822971,2069.1426903,2069.1426903,1871.08332942
2018-02-10-14:29:39,273,True,79.5154837721,83.483087929,1258.9519323,56.0642423072,267.858558361,372.430931357,99.9999979413,152.534856346,170.5310958,-53.6702829413,2121.0742868,2121.0742868,1869.413552
2018-02-10-14:34:39,274,True,82.3900909371,81.6192409413,121.335334556,1050.80046548,268.895585063,374.159370523,99.9998746878,153.15215103,171.367436378,-40.4154322438,2051.1937187,2051.1937187,1946.63233634
2018-02-10-14:39:39,275,True,81.1102529484,80.8629833825,613.425449457,663.09968276,266.754270805,370.59050162,99.9998893863,151.877556135,169.640564561,-49.1488632868,2038.297058,2038.297058,1820.63470829
2018-02-10-14:44:39,276,True,79.749955515,81.2534280539,943.712967226,317.868092437,265.686607361,368.811060296,99.9998725594,151.242041341,168.779544584,-48.4674731892,2058.1164485,2058.1164485,1851.05451498
2018-02-10-14:49:39,277,True,81.0391233326,80.1209735208,204.089593258,1031.84680758,264.373223722,366.622074461,99.9999199236,150.460261389,167.720357992,-45.9725499903,1891.0991274,1891.0991274,1704.33856405
2018-02-10-14:54:39,278,True,80.2906734746,80.4645708713,637.404106253,485.827154493,263.942176227,365.903666692,99.9998997479,150.203686907,167.372741279,-36.529499566,1827.2044343,1827.2044343,1751.39534441
2018-02-10-14:59:39,279,True,79.4252502252,80.4745764416,807.886798802,458.177624966,263.781343104,365.635610706,99.999898635,150.107952675,167.243036786,-48.7154858785,1786.5118516,1786.5118516,1567.21526974
2018-02-10-15:04:39,280,True,79.9068431393,79.7104970942,295.147063353,857.42022168,261.843942681,362.406599082,99.9999298184,148.954734975,165.680611938,-39.0894111333,1595.3887117,1595.3887117,1481.70724516
2018-02-10-15:09:39,281,True,79.474395734,79.8001179704,605.926678091,597.336613967,261.530871853,361.88481631,99.9999226268,148.768383775,165.42813636,-43.2922176756,1628.437692,1628.437692,1462.78653087
2018-02-10-15:14:39,282,True,78.6232042056,79.5512165445,775.262144567,438.145972106,259.788103957,358.980198964,99.9999259715,147.731020649,164.022676405,-44.4008059834,1667.686174,1667.686174,1484.79998327
2018-02-10-15:19:39,283,True,78.9106757453,79.1108938205,272.5362369,825.403295193,259.286255357,358.143780791,99.9999421471,147.432300197,163.61795799,-34.7712094106,1510.0542653,1510.0542653,1440.59496969
2018-02-10-15:24:39,284,True,78.585595395,79.0146479025,650.105326399,469.673704714,257.772791832,355.621340627,99.9999394753,146.531428706,162.397422429,-36.6713490901,1640.9410108,1640.9410108,1543.48490276
2018-02-10-15:29:39,285,True,77.9552102315,78.8412072324,645.413253721,521.684427849,256.947963383,354.246624568,99.9999454977,146.040458842,161.732237268,-40.6008784289,1532.0578406,1532.0578406,1383.92738859
2018-02-10-15:34:39,286,True,77.7295856919,78.5083136869,513.806185148,608.404594925,255.899510578,352.49920098,99.9999530295,145.416379173,160.886709758,-36.954078392,1534.5704864,1534.5704864,1427.06145985
2018-02-10-15:39:39,287,True,77.5650339406,77.8724352473,454.504049034,681.212958739,254.009345038,349.348921784,99.999963285,144.291279748,159.362381172,-38.0731937072,1556.2397774,1556.2397774,1427.53466065
2018-02-10-15:44:39,288,True,77.8840934614,81.2084186991,425.203733344,43.6272891365,256.047103688,352.745173289,99.999998666,145.50422846,161.005728993,15.4634899392,922.2719142,922.2719142,1468.74312482
