market_id,house_name,bid_price,bid_quantity,state,Q_min,Q_max,P_min,P_max
8,house_3_3C_tm_3_C_3_Meter_75_851,41.3098005075,3.03336418669,ON,0,3.03336418669,39.4955080032,43.1240930118
8,house_3_6A_tm_3_A_6_Meter_71_809,24.8003902641,5.19974801891,OFF,0,5.19974801891,13.5542470336,36.0465334946
8,house_3_14B_tm_3_B_14_Meter_107_1225,11.4471650776,6.07706765438,OFF,0,6.07706765438,0,22.8943301551
8,house_3_13A_tm_3_A_13_Meter_71_816,41.9707868544,3.89964848678,OFF,0,3.89964848678,39.0030970844,44.9384766243
8,house_3_1B_tm_3_B_1_Meter_64_697,42.2260221291,5.98762637461,OFF,0,5.98762637461,39.6251523995,44.8268918587
8,house_3_12C_tm_3_C_12_Meter_76_918,37.1732689517,3.90916738507,ON,0,3.90916738507,9.91014302873,64.4363948746
8,house_3_4C_tm_3_C_4_Meter_74_837,47.3075251543,4.3346626296,ON,0,4.3346626296,31.6797398299,62.9353104788
8,house_3_3A_tm_3_A_3_Meter_63_684,21.076370688,4.68209690568,OFF,0,4.68209690568,14.2846424016,27.8680989745
8,house_3_6B_tm_3_B_6_Meter_64_702,30.4647299717,3.42299769996,OFF,0,3.42299769996,19.9379016283,40.9915583151
8,house_3_14A_tm_3_A_14_Meter_98_1127,33.4211001016,3.90869420287,OFF,0,3.90869420287,25.6023349172,41.239865286
8,house_3_13B_tm_3_B_13_Meter_90_1065,0.0,1.73309863613,OFF,0,0,0.0,0.0
8,house_3_2A_tm_3_A_2_Meter_88_1039,34.5567054692,4.76504470331,OFF,0,4.76504470331,31.7932508874,37.3201600511
8,house_3_11B_tm_3_B_11_Meter_106_1207,11.5503082559,5.64702951536,OFF,0,5.64702951536,0,23.1006165119
8,house_3_11A_tm_3_A_11_Meter_98_1124,40.2181588511,3.04039629777,ON,0,3.04039629777,21.0643547213,59.3719629809
8,house_3_4C_tm_3_C_4_Meter_76_910,30.7626787991,4.77549519253,OFF,0,4.77549519253,23.0643673431,38.4609902551
8,house_3_14C_tm_3_C_14_Meter_75_862,30.9093558404,6.0632946662,OFF,0,6.0632946662,21.5948774012,40.2238342795
8,house_3_9A_tm_3_A_9_Meter_98_1122,37.7709531001,3.47388479417,ON,0,3.47388479417,28.3331323982,47.208773802
8,house_3_6A_tm_3_A_6_Meter_111_1247,39.6559491688,4.31869715819,OFF,0,4.31869715819,36.1520613025,43.159837035
8,house_3_12B_tm_3_B_12_Meter_80_965,36.8648223279,4.33879066491,ON,0,4.33879066491,25.8951329474,47.8345117083
8,house_3_4B_tm_3_B_4_Meter_65_733,43.5798048765,1.71217357854,OFF,0,1.48622691725,40.7699489696,46.3896607834
8,house_3_4C_tm_3_C_4_Meter_73_822,21.3063499467,6.0738599538,OFF,0,6.0738599538,11.7135536373,30.8991462561
8,house_3_8B_tm_3_B_8_Meter_76_897,40.6617018403,5.21024961042,OFF,0,5.21024961042,37.3554215242,43.9679821563
8,house_3_15A_tm_3_A_15_Meter_109_1241,15.0331471783,5.19168170813,OFF,0,5.19168170813,5.12186360658,24.9444307501
8,house_3_13B_tm_3_B_13_Meter_99_1141,31.0354364119,5.64790715826,OFF,0,5.64790715826,25.559177532,36.5116952918
8,house_3_19C_tm_3_C_19_Meter_66_763,26.4317061914,4.68144106415,OFF,0,4.68144106415,12.7717768507,40.0916355321
8,house_3_4C_tm_3_C_4_Meter_92_1071,25.2009717379,6.51099174051,ON,0,3.26521495548,0,50.4019434759
8,house_3_4B_tm_3_B_4_Meter_90_1056,23.4357504605,5.19670854065,OFF,0,5.19670854065,16.0256387861,30.8458621349
8,house_3_1A_tm_3_A_1_Meter_112_1250,29.1953417138,4.3227149602,OFF,0,4.3227149602,20.1083961325,38.2822872952
8,house_3_1C_tm_3_C_1_Meter_73_819,39.6721611748,4.77224578014,OFF,0,4.77224578014,36.765229717,42.5790926326
8,house_3_23B_tm_3_B_23_Meter_64_719,29.373497895,3.85024060913,OFF,0,3.85024060913,19.1039768379,39.6430189521
8,house_3_4A_tm_3_A_4_Meter_70_799,24.7371575141,3.90021463007,OFF,0,3.90021463007,18.1482265455,31.3260884828
8,house_3_5C_tm_3_C_5_Meter_83_988,31.6341384812,4.334401909,OFF,0,4.334401909,25.6981564488,37.5701205137
8,house_3_14A_tm_3_A_14_Meter_76_877,29.5269564307,6.07590478332,OFF,0,6.07590478332,22.0586162814,36.9952965801
8,house_3_6C_tm_3_C_6_Meter_75_854,36.5381310963,2.60006437793,OFF,0,2.60006437793,30.6816543574,42.3946078353
8,house_3_3B_tm_3_B_3_Meter_86_1017,13.9364704877,4.76912920409,OFF,0,4.76912920409,0.945587057505,26.9273539179
8,house_3_14C_tm_3_C_14_Meter_85_1013,16.4849702359,2.16322997981,OFF,0,2.16322997981,0,32.9699404719
8,house_3_13C_tm_3_C_13_Meter_104_1194,27.6512152161,5.19786543332,OFF,0,5.19786543332,21.2819673835,34.0204630486
8,house_3_3A_tm_3_A_3_Meter_112_1252,33.1490938418,4.32141106405,OFF,0,4.32141106405,28.4362968781,37.8618908055
8,house_3_6A_tm_3_A_6_Meter_114_1278,37.9812949034,3.02070624507,OFF,0,3.02070624507,34.34792846,41.6146613468
8,house_3_2B_tm_3_B_2_Meter_96_1107,34.0057428277,5.62871911641,OFF,0,5.62871911641,29.6375227096,38.3739629457
8,house_3_13A_tm_3_A_13_Meter_63_694,40.8743080478,5.5322013531,ON,0,5.5322013531,35.1758051573,46.5728109383
8,house_3_12A_tm_3_A_12_Meter_69_792,28.2420438638,5.20552120097,OFF,0,5.20552120097,22.0857664701,34.3983212576
8,house_3_26C_tm_3_C_26_Meter_66_770,44.9678134378,5.1087597307,ON,0,5.1087597307,44.6431420159,45.2924848597
8,house_3_15C_tm_3_C_15_Meter_75_863,20.5122499291,3.89894693524,OFF,0,3.89894693524,0,41.0244998582
8,house_3_7C_tm_3_C_7_Meter_65_741,0.0,3.40827820087,OFF,0,0,0.0,0.0
8,house_3_2C_tm_3_C_2_Meter_66_746,0.0,2.98013553451,OFF,0,0,0.0,0.0
8,house_3_13B_tm_3_B_13_Meter_64_709,39.9832412257,2.13957903759,OFF,0,2.13957903759,34.9651976891,45.0012847623
8,house_3_5C_tm_3_C_5_Meter_85_1004,18.9284979003,3.02775274555,OFF,0,3.02775274555,0,37.8569958007
8,house_3_11A_tm_3_A_11_Meter_82_979,36.9996375018,6.07485411049,OFF,0,6.07485411049,32.7205242682,41.2787507354
8,house_3_1A_tm_3_A_1_Meter_70_796,30.146220052,2.60117679594,OFF,0,2.60117679594,23.7023924463,36.5900476577
8,house_3_10A_tm_3_A_10_Meter_71_813,18.0952266853,2.60044815846,OFF,0,2.60044815846,1.85770742828,34.3327459424
8,house_3_4B_tm_3_B_4_Meter_86_1018,15.1930288406,5.2022645839,OFF,0,5.2022645839,5.21652379773,25.1695338835
8,house_3_7B_tm_3_B_7_Meter_77_930,31.7949435928,2.17042967512,OFF,0,2.17042967512,22.841437246,40.7484499396
8,house_3_10A_tm_3_A_10_Meter_113_1267,22.4332273778,3.88557700724,OFF,0,3.88557700724,7.32658765713,37.5398670984
8,house_3_9A_tm_3_A_9_Meter_88_1046,29.0782843475,5.19849921336,OFF,0,5.19849921336,24.581054661,33.5755140341
8,house_3_3C_tm_3_C_3_Meter_85_1002,22.835405922,3.89323406982,OFF,0,3.89323406982,14.1824741639,31.48833768
8,house_3_14B_tm_3_B_14_Meter_76_903,26.5989857664,4.3418115829,OFF,0,4.3418115829,11.6025421442,41.5954293885
8,house_3_13B_tm_3_B_13_Meter_87_1035,55.5585877154,3.03357736234,ON,0,3.03357736234,54.4490478768,56.668127554
8,house_3_13C_tm_3_C_13_Meter_73_831,15.6098518804,2.16961728807,OFF,0,2.16961728807,0,31.2197037608
8,house_3_2C_tm_3_C_2_Meter_104_1183,43.7757053044,4.76282640922,ON,0,4.76282640922,34.569589183,52.9818214259
8,house_3_5A_tm_3_A_5_Meter_94_1087,37.9316390807,5.62894797115,ON,0,5.62894797115,30.9372210994,44.9260570621
8,house_3_8B_tm_3_B_8_Meter_95_1105,21.5063000004,3.89790025399,OFF,0,3.33711986497,0,43.0126000009
8,house_3_6A_tm_3_A_6_Meter_113_1263,18.5669052204,2.15830626533,OFF,0,2.15830626533,0,37.1338104408
8,house_3_6A_tm_3_A_6_Meter_79_944,33.6903428506,5.20520733473,OFF,0,5.20520733473,30.0742592667,37.3064264346
8,house_3_3B_tm_3_B_3_Meter_106_1199,35.2076188562,3.47572230603,OFF,0,3.47572230603,30.416737348,39.9985003645
8,house_3_2C_tm_3_C_2_Meter_83_985,28.6507925889,2.6008739724,OFF,0,2.6008739724,20.8335196866,36.4680654911
8,house_3_2A_tm_3_A_2_Meter_94_1084,51.9247605579,2.59802033817,OFF,0,1.01895241959,51.8722302788,51.977290837
8,house_3_3A_tm_3_A_3_Meter_113_1260,28.5915729237,4.74601352248,OFF,0,4.74601352248,20.3071699761,36.8759758713
8,house_3_15C_tm_3_C_15_Meter_104_1196,27.3275291004,5.19645155845,OFF,0,5.19645155845,15.2660040058,39.3890541951
8,house_3_4C_tm_3_C_4_Meter_65_738,47.1404591078,5.54015140208,ON,0,5.54015140208,41.8499597297,52.4309584858
8,house_3_6C_tm_3_C_6_Meter_73_824,37.3533646806,5.20474188872,OFF,0,5.20474188872,34.1652923477,40.5414370135
8,house_3_14C_tm_3_C_14_Meter_104_1195,21.2624724755,3.03273040805,OFF,0,3.03273040805,1.35405112529,41.1708938258
8,house_3_2C_tm_3_C_2_Meter_103_1168,36.1883295671,5.20313958659,OFF,0,5.20313958659,33.0927276295,39.2839315048
8,house_3_13C_tm_3_C_13_Meter_92_1080,20.1137418331,6.07658458417,OFF,0,6.07658458417,13.690157599,26.5373260672
8,house_3_6A_tm_3_A_6_Meter_70_801,17.3207001877,1.30083004091,OFF,0,1.30083004091,0,34.6414003753
8,house_3_11B_tm_3_B_11_Meter_77_934,21.7655087407,2.17059444757,OFF,0,1.78760003756,0,43.5310174814
8,house_3_1B_tm_3_B_1_Meter_90_1053,25.4632151417,6.49558104348,OFF,0,6.49558104348,17.8417689639,33.0846613194
8,house_3_2A_tm_3_A_2_Meter_63_683,19.3872576998,3.83016029442,OFF,0,3.83016029442,11.265278128,27.5092372715
8,house_3_7C_tm_3_C_7_Meter_75_855,29.643458408,6.06504662926,OFF,0,6.06504662926,22.8382344704,36.4486823456
8,house_3_12B_tm_3_B_12_Meter_107_1223,40.4718579283,5.2093230451,ON,0,5.2093230451,37.0007659369,43.9429499198
8,house_3_17B_tm_3_B_17_Meter_64_713,32.4463819524,1.28409136971,ON,0,1.28409136971,23.4659982887,41.426765616
8,house_3_27B_tm_3_B_27_Meter_64_723,39.6078601889,4.70668698421,OFF,0,4.70668698421,36.8174696446,42.3982507331
8,house_3_3C_tm_3_C_3_Meter_100_1146,30.3946654946,4.77641575014,OFF,0,4.77641575014,26.872887424,33.9164435652
8,house_3_9C_tm_3_C_9_Meter_100_1152,40.6761590409,2.60606093545,ON,0,2.60606093545,38.047551895,43.3047661868
8,house_3_6B_tm_3_B_6_Meter_77_929,41.0062521377,5.20746099969,OFF,0,5.20746099969,37.9141932384,44.098311037
8,house_3_7B_tm_3_B_7_Meter_90_1059,19.8677205944,2.16603349185,OFF,0,2.16603349185,0.347621786209,39.3878194025
8,house_3_16B_tm_3_B_16_Meter_76_905,40.9063620073,3.90739158548,ON,0,3.90739158548,36.1781062392,45.6346177754
8,house_3_3C_tm_3_C_3_Meter_66_747,28.175744237,2.55533172894,OFF,0,2.55533172894,14.6354917317,41.7159967423
8,house_3_5B_tm_3_B_5_Meter_96_1110,31.2540140692,5.19628403393,OFF,0,5.19628403393,27.3215057314,35.186522407
8,house_3_26A_tm_3_A_26_Meter_76_889,35.2943846574,3.47247495394,OFF,0,3.47247495394,31.7289734267,38.859795888
8,house_3_5B_tm_3_B_5_Meter_64_701,26.8755547212,4.27749704552,OFF,0,4.27749704552,21.49291367,32.2581957723
8,house_3_9C_tm_3_C_9_Meter_76_915,37.9040919929,2.17180482869,OFF,0,2.17180482869,33.5313402081,42.2768437777
8,house_3_12B_tm_3_B_12_Meter_106_1208,42.019387567,6.08212852889,OFF,0,6.08212852889,40.5778476508,43.4609274832
8,house_3_16A_tm_3_A_16_Meter_76_879,38.6516553306,2.60437990881,OFF,0,2.60437990881,34.7651258864,42.5381847747
8,house_3_13C_tm_3_C_13_Meter_100_1156,31.9029362538,3.47444125092,OFF,0,3.47444125092,23.8734554146,39.9324170931
8,house_3_1B_tm_3_B_1_Meter_77_924,43.9111207835,3.47243138887,ON,0,3.47243138887,35.6403190856,52.1819224814
8,house_3_9C_tm_3_C_9_Meter_73_827,20.3432626332,1.73575485672,OFF,0,1.73575485672,0,40.6865252663
8,house_3_10C_tm_3_C_10_Meter_100_1153,39.1629233004,5.6437242959,OFF,0,5.6437242959,36.2531823104,42.0726642905
8,house_3_15B_tm_3_B_15_Meter_106_1211,35.5698054301,4.34396773506,ON,0,4.34396773506,22.9259166046,48.2136942555
8,house_3_3A_tm_3_A_3_Meter_98_1116,17.6468329292,3.0402388467,OFF,0,3.0402388467,0,35.2936658584
8,house_3_15C_tm_3_C_15_Meter_103_1181,32.9439703479,2.16923576629,OFF,0,2.16923576629,24.4557136763,41.4322270194
8,house_3_15A_tm_3_A_15_Meter_94_1097,27.9448769739,3.89856900225,OFF,0,3.89856900225,21.6523017136,34.2374522343
8,house_3_7C_tm_3_C_7_Meter_74_840,19.8720713252,2.16789094876,OFF,0,2.16789094876,0,39.7441426505
8,house_3_3C_tm_3_C_3_Meter_83_986,43.2350042691,2.1682362959,ON,0,2.1682362959,41.0597564328,45.4102521055
8,house_3_13C_tm_3_C_13_Meter_74_846,20.450579605,3.03416964617,OFF,0,3.03416964617,0.903312878851,39.997846331
8,house_3_6C_tm_3_C_6_Meter_85_1005,56.1185589599,5.62470569016,OFF,0,2.32711838978,55.6309050365,56.6062128834
8,house_3_4A_tm_3_A_4_Meter_69_784,41.2109082008,4.33697572741,ON,0,4.33697572741,38.8239263171,43.5978900846
8,house_3_13B_tm_3_B_13_Meter_80_966,19.7016356624,3.0377244381,OFF,0,3.0377244381,0,39.4032713249
8,house_3_14A_tm_3_A_14_Meter_79_952,20.7744780163,3.90527609975,OFF,0,3.90527609975,8.25169972447,33.2972563082
8,house_3_3A_tm_3_A_3_Meter_69_783,33.3848538107,5.63754496956,OFF,0,5.63754496956,28.0591011793,38.710606442
8,house_3_7B_tm_3_B_7_Meter_76_896,28.9833898897,2.60538643789,OFF,0,2.60538643789,21.7070692487,36.2597105307
8,house_3_11B_tm_3_B_11_Meter_64_707,30.2129393932,1.28404304804,OFF,0,1.28404304804,18.965457572,41.4604212145
8,house_3_13C_tm_3_C_13_Meter_85_1012,16.7622183333,1.73070852019,OFF,0,1.73070852019,0,33.5244366667
8,house_3_12A_tm_3_A_12_Meter_109_1238,29.6641525333,6.48776121084,OFF,0,6.48776121084,21.4450438393,37.8832612273
8,house_3_10B_tm_3_B_10_Meter_87_1032,48.4551792844,5.20106463368,ON,0,5.20106463368,27.0805172021,69.8298413668
8,house_3_8C_tm_3_C_8_Meter_92_1075,18.854623205,4.34108709417,OFF,0,4.34108709417,5.31729507041,32.3919513395
8,house_3_2C_tm_3_C_2_Meter_73_820,38.7708892082,4.77225259947,ON,0,4.77225259947,24.237998722,53.3037796944
8,house_3_1C_tm_3_C_1_Meter_75_849,20.9888938486,3.03308195622,OFF,0,3.03308195622,0.409146207872,41.5686414894
8,house_3_5B_tm_3_B_5_Meter_65_734,27.3979779111,2.56781056177,OFF,0,1.50126339785,0,54.7959558222
8,house_3_5B_tm_3_B_5_Meter_99_1133,19.2957066293,6.94964810174,OFF,0,6.94964810174,8.25264291387,30.3387703447
8,house_3_19A_tm_3_A_19_Meter_76_882,42.2700698078,4.3397097077,OFF,0,4.3397097077,40.0047454551,44.5353941606
8,house_3_12C_tm_3_C_12_Meter_100_1155,41.877034284,3.0404470953,OFF,0,3.0404470953,39.3884009389,44.3656676291
8,house_3_11A_tm_3_A_11_Meter_113_1268,26.8974168784,4.31540887835,OFF,0,4.31540887835,16.0511580644,37.7436756925
8,house_3_12B_tm_3_B_12_Meter_87_1034,30.8299413593,3.03386111302,OFF,0,3.03386111302,23.6322147026,38.027668016
8,house_3_10A_tm_3_A_10_Meter_69_790,19.8465765619,2.60291122129,OFF,0,2.60291122129,2.15156230859,37.5415908152
8,house_3_2C_tm_3_C_2_Meter_102_1160,33.3932516774,3.47197401811,OFF,0,3.47197401811,28.947318205,37.8391851497
8,house_3_13B_tm_3_B_13_Meter_77_936,35.2062956604,6.07591515438,OFF,0,6.07591515438,29.0603181476,41.3522731732
8,house_3_1A_tm_3_A_1_Meter_98_1114,18.7767677575,4.34268934276,OFF,0,4.34268934276,0,37.553535515
8,house_3_2A_tm_3_A_2_Meter_68_774,27.3127484201,2.17098568091,ON,0,0.609292870118,0,54.6254968402
8,house_3_11B_tm_3_B_11_Meter_76_900,27.3039702582,3.473756109,OFF,0,3.473756109,21.7341307976,32.8738097189
8,house_3_5C_tm_3_C_5_Meter_62_671,17.4400424073,5.54694576706,OFF,0,5.54694576706,6.73044606645,28.1496387481
8,house_3_6C_tm_3_C_6_Meter_76_912,35.2388102484,4.34358098839,OFF,0,4.34358098839,28.4914344431,41.9861860538
8,house_3_8A_tm_3_A_8_Meter_70_803,22.6062640867,5.63319553143,OFF,0,5.63319553143,16.7845598661,28.4279683073
8,house_3_6B_tm_3_B_6_Meter_99_1134,31.3437944122,4.77870206998,OFF,0,4.77870206998,22.014583431,40.6730053933
8,house_3_14A_tm_3_A_14_Meter_88_1051,33.1087177995,3.90082615952,OFF,0,3.90082615952,25.8832845858,40.3341510132
8,house_3_2B_tm_3_B_2_Meter_64_698,18.9104811711,2.99609387332,OFF,0,2.99609387332,8.64419820837,29.1767641339
8,house_3_1C_tm_3_C_1_Meter_65_735,35.4321678772,3.83555072371,OFF,0,3.83555072371,28.5291146185,42.3352211358
8,house_3_25C_tm_3_C_25_Meter_66_769,31.4435789023,5.95649006308,OFF,0,5.95649006308,24.0883333126,38.7988244919
8,house_3_2C_tm_3_C_2_Meter_65_736,18.5593340302,2.13099850359,OFF,0,2.13099850359,0,37.1186680605
8,house_3_7A_tm_3_A_7_Meter_94_1089,22.1755622331,2.16586069622,OFF,0,2.16586069622,7.83008312916,36.5210413371
8,house_3_3B_tm_3_B_3_Meter_107_1214,20.2099312508,3.03888078919,OFF,0,3.03888078919,0,40.4198625016
8,house_3_8A_tm_3_A_8_Meter_88_1045,32.4083345828,3.46720265158,OFF,0,3.46720265158,22.3455590406,42.471110125
8,house_3_3B_tm_3_B_3_Meter_77_926,32.0893512822,4.77482043214,OFF,0,4.77482043214,26.8913890307,37.2873135337
8,house_3_10A_tm_3_A_10_Meter_82_978,22.8429270244,2.6043929496,OFF,0,2.6043929496,3.15182914015,42.5340249086
8,house_3_3A_tm_3_A_3_Meter_88_1040,14.805988476,2.59999538206,OFF,0,2.59999538206,0,29.6119769521
8,house_3_1C_tm_3_C_1_Meter_103_1167,18.9672495577,3.03587541232,OFF,0,3.03587541232,0,37.9344991154
8,house_3_14A_tm_3_A_14_Meter_82_982,16.0378776775,1.73626250372,OFF,0,1.73626250372,0,32.075755355
8,house_3_15A_tm_3_A_15_Meter_63_696,30.8692183816,2.97964122575,OFF,0,2.97964122575,22.0562570326,39.6821797307
8,house_3_4A_tm_3_A_4_Meter_112_1253,15.9840212704,6.04930208783,OFF,0,6.04930208783,7.39407068019,24.5739718605
8,house_3_7A_tm_3_A_7_Meter_109_1233,22.5070472211,3.89284656435,OFF,0,2.54790357401,0,45.0140944421
8,house_3_21C_tm_3_C_21_Meter_66_765,17.7345022171,1.27837036543,OFF,0,1.27837036543,0,35.4690044342
8,house_3_5B_tm_3_B_5_Meter_86_1019,33.9680171203,2.60213037838,OFF,0,2.60213037838,27.5424037494,40.3936304913
8,house_3_4B_tm_3_B_4_Meter_77_927,31.0358340466,3.47251530397,OFF,0,3.47251530397,22.1555947984,39.9160732948
8,house_3_4B_tm_3_B_4_Meter_80_957,24.6889260384,6.0744107024,OFF,0,6.0744107024,19.5241887671,29.8536633097
8,house_3_5A_tm_3_A_5_Meter_109_1231,33.2708542315,5.19038937368,ON,0,5.19038937368,24.2177664989,42.3239419641
8,house_3_8A_tm_3_A_8_Meter_71_811,36.1169980091,5.19952507313,OFF,0,5.19952507313,34.9841194199,37.2498765983
8,house_3_8A_tm_3_A_8_Meter_63_689,39.4446493892,2.1290484062,ON,0,2.1290484062,21.8249848949,57.0643138835
8,house_3_1A_tm_3_A_1_Meter_109_1227,40.9498749409,3.02830024516,ON,0,3.02830024516,38.021144164,43.8786057178
8,house_3_3C_tm_3_C_3_Meter_73_821,28.8715635775,5.20540986378,OFF,0,5.20540986378,21.693612447,36.0495147079
8,house_3_6A_tm_3_A_6_Meter_69_786,35.1990029066,3.03688492124,OFF,0,3.03688492124,27.781549924,42.6164558892
8,house_3_17C_tm_3_C_17_Meter_76_923,31.9799869442,6.07799737052,OFF,0,6.07799737052,27.5684377713,36.3915361171
8,house_3_9B_tm_3_B_9_Meter_64_705,28.0270060192,5.5615780609,OFF,0,5.5615780609,20.9621270072,35.0918850313
8,house_3_24C_tm_3_C_24_Meter_66_768,0.0,3.40655481163,OFF,0,0,0.0,0.0
8,house_3_12A_tm_3_A_12_Meter_94_1094,22.9103797107,3.89810579947,OFF,0,3.89810579947,9.84822028441,35.9725391371
8,house_3_8A_tm_3_A_8_Meter_68_780,38.8845677388,3.47410680664,OFF,0,3.47410680664,35.6108066652,42.1583288124
8,house_3_2A_tm_3_A_2_Meter_114_1274,24.8009243164,3.45302137035,OFF,0,3.45302137035,16.3432248804,33.2586237525
8,house_3_4B_tm_3_B_4_Meter_107_1215,22.1550099684,3.03930621888,OFF,0,3.03930621888,3.09271866726,41.2173012696
8,house_3_13A_tm_3_A_13_Meter_82_981,32.0285031827,5.64035059438,OFF,0,5.64035059438,27.0140861731,37.0429201923
8,house_3_15A_tm_3_A_15_Meter_79_953,23.8711858049,1.73560509858,OFF,0,1.73560509858,6.80577289037,40.9365987195
8,house_3_2B_tm_3_B_2_Meter_107_1213,40.1809345962,2.60518056242,ON,0,2.60518056242,35.6202130151,44.7416561772
8,house_3_7C_tm_3_C_7_Meter_92_1074,22.8930673451,2.17090954349,OFF,0,2.17090954349,5.92375699418,39.8623776961
8,house_3_5C_tm_3_C_5_Meter_100_1148,31.978066079,5.64473271734,OFF,0,5.64473271734,27.6357116404,36.3204205176
8,house_3_10C_tm_3_C_10_Meter_75_858,42.2543283535,5.19646702184,ON,0,5.19646702184,35.9947276479,48.5139290592
8,house_3_3A_tm_3_A_3_Meter_76_866,56.0308213337,5.64271959985,ON,0,5.64271959985,55.7725569948,56.2890856727
8,house_3_11C_tm_3_C_11_Meter_74_844,38.4645812426,5.63589224748,ON,0,5.63589224748,33.4140686873,43.5150937979
8,house_3_5B_tm_3_B_5_Meter_107_1216,35.0507999645,2.60545641195,ON,0,2.60545641195,0,70.101599929
8,house_3_3C_tm_3_C_3_Meter_65_737,47.3969161827,3.40835530591,ON,0,3.40835530591,33.5000828117,61.2937495538
8,house_3_3A_tm_3_A_3_Meter_114_1275,39.8355214384,3.02068623942,OFF,0,3.02068623942,37.0681018192,42.6029410576
8,house_3_6B_tm_3_B_6_Meter_90_1058,29.1781790033,6.06282311938,OFF,0,6.06282311938,16.9088671481,41.4474908585
8,house_3_1A_tm_3_A_1_Meter_114_1273,18.3630204417,4.74573676167,OFF,0,4.74573676167,8.3727531014,28.353287782
8,house_3_10A_tm_3_A_10_Meter_94_1092,33.7705727666,3.03244837671,OFF,0,3.03244837671,25.7962024772,41.744943056
8,house_3_1C_tm_3_C_1_Meter_83_984,18.9263215451,6.06811650449,OFF,0,6.06811650449,0,37.8526430901
8,house_3_8B_tm_3_B_8_Meter_107_1219,32.1055173455,3.90675260849,OFF,0,3.90675260849,26.0960473442,38.1149873468
8,house_3_12B_tm_3_B_12_Meter_90_1064,42.5323458555,2.5989375073,OFF,0,2.10297857861,40.9871474534,44.0775442576
8,house_3_8A_tm_3_A_8_Meter_76_871,41.2049050928,5.64084782928,ON,0,5.64084782928,37.8098151852,44.5999950004
8,house_3_5B_tm_3_B_5_Meter_77_928,35.1990961531,3.90660063549,OFF,0,3.90660063549,31.3316436689,39.0665486373
8,house_3_4A_tm_3_A_4_Meter_63_685,23.3682324254,5.1030338595,OFF,0,5.1030338595,11.4316877507,35.3047771
8,house_3_14B_tm_3_B_14_Meter_77_937,38.1268785948,3.03901595232,ON,0,3.03901595232,31.8303475069,44.4234096828
8,house_3_9A_tm_3_A_9_Meter_63_690,29.8138958827,3.82783891899,OFF,0,3.82783891899,22.2656390968,37.3621526686
8,house_3_4C_tm_3_C_4_Meter_102_1162,42.0370131696,2.60452917025,OFF,0,2.16135020481,40.3147582404,43.7592680988
8,house_3_3A_tm_3_A_3_Meter_109_1229,33.9392877571,3.89292070722,OFF,0,3.89292070722,27.6494138436,40.2291616705
8,house_3_5A_tm_3_A_5_Meter_60_663,46.128290199,5.53297545024,ON,0,5.53297545024,43.2317560145,49.0248243835
8,house_3_26B_tm_3_B_26_Meter_64_722,18.9426527787,1.28428981926,OFF,0,1.28428981926,0,37.8853055574
8,house_3_2B_tm_3_B_2_Meter_65_731,23.2598246113,3.8511229719,OFF,0,3.8511229719,8.55025850335,37.9693907193
8,house_3_1B_tm_3_B_1_Meter_106_1197,29.7662367308,1.73805963743,OFF,0,1.73805963743,17.7673408688,41.7651325928
8,house_3_15B_tm_3_B_15_Meter_87_1037,18.9105254863,2.16746435402,OFF,0,2.16746435402,0.0877520530117,37.7332989197
8,house_3_17A_tm_3_A_17_Meter_76_880,20.8792118362,2.17028898451,OFF,0,2.17028898451,0,41.7584236724
8,house_3_11C_tm_3_C_11_Meter_75_859,23.539712098,4.76515859317,OFF,0,4.76515859317,17.8480410826,29.2313831135
8,house_3_1A_tm_3_A_1_Meter_94_1083,36.30327691,5.19514202687,OFF,0,5.19514202687,32.2206960218,40.3858577981
8,house_3_4B_tm_3_B_4_Meter_96_1109,42.2424231607,1.73229237904,OFF,0,1.73229237904,39.3284751292,45.1563711923
8,house_3_11A_tm_3_A_11_Meter_76_874,32.553553992,4.3409178999,OFF,0,4.3409178999,28.0422912601,37.0648167238
8,house_3_4A_tm_3_A_4_Meter_113_1261,30.3472852321,6.47032518638,OFF,0,6.47032518638,25.5019247033,35.192645761
8,house_3_19B_tm_3_B_19_Meter_64_715,31.565310293,4.70713767218,OFF,0,4.70713767218,25.0860597133,38.0445608726
8,house_3_9A_tm_3_A_9_Meter_109_1235,33.7054342332,4.32641355023,OFF,0,4.32641355023,28.5152117887,38.8956566777
8,house_3_8C_tm_3_C_8_Meter_66_752,30.8394486396,4.68271317832,OFF,0,4.68271317832,21.2068850206,40.4720122585
8,house_3_11B_tm_3_B_11_Meter_87_1033,33.6900324478,4.33396817217,OFF,0,4.33396817217,25.2147658644,42.1652990313
8,house_3_9A_tm_3_A_9_Meter_79_947,46.3105124066,3.47133208954,ON,0,3.5258090959,44.4641473543,48.1568774589
8,house_3_3A_tm_3_A_3_Meter_71_806,25.0805485616,2.60044001837,OFF,0,2.60044001837,14.1780149876,35.9830821355
8,house_3_28C_tm_3_C_28_Meter_66_772,44.6284034043,4.68590478795,ON,0,4.68590478795,41.8589574022,47.3978494065
8,house_3_13C_tm_3_C_13_Meter_62_679,33.1607387894,5.12375490505,OFF,0,5.12375490505,29.0422837918,37.279193787
8,house_3_10A_tm_3_A_10_Meter_88_1047,30.2576321961,5.20006481578,OFF,0,5.20006481578,18.8942324153,41.6210319768
8,house_3_6B_tm_3_B_6_Meter_96_1111,39.8248091662,3.89711227522,OFF,0,3.89711227522,37.8241632846,41.8254550478
8,house_3_3B_tm_3_B_3_Meter_65_732,33.9010386641,3.85035156818,OFF,0,3.85035156818,26.4716691474,41.3304081808
8,house_3_8A_tm_3_A_8_Meter_69_788,34.4536319852,4.33905421316,OFF,0,4.33905421316,26.7411337621,42.1661302082
8,house_3_7C_tm_3_C_7_Meter_62_673,39.7647032479,4.69567290386,OFF,0,4.69567290386,38.1665432692,41.3628632266
8,house_3_15B_tm_3_B_15_Meter_107_1226,40.3802545507,3.90705804011,OFF,0,3.90705804011,37.3186846648,43.4418244366
8,house_3_8A_tm_3_A_8_Meter_114_1280,39.7462537058,5.17736042133,OFF,0,5.17736042133,35.3261723947,44.1663350168
8,house_3_8C_tm_3_C_8_Meter_83_991,38.6981363216,2.60149680754,OFF,0,2.60149680754,34.2205670297,43.1757056135
8,house_3_20A_tm_3_A_20_Meter_76_883,38.2769106572,5.20766908968,ON,0,5.20766908968,32.160277608,44.3935437063
8,house_3_20C_tm_3_C_20_Meter_66_764,37.2482640277,3.40626232752,OFF,0,3.40626232752,34.0870935117,40.4094345437
8,house_3_7B_tm_3_B_7_Meter_96_1112,30.3063419946,4.3299968661,ON,0,4.3299968661,12.680023073,47.9326609162
8,house_3_10C_tm_3_C_10_Meter_104_1191,14.8447910215,2.16658918148,OFF,0,2.16658918148,0,29.6895820429
8,house_3_4B_tm_3_B_4_Meter_87_1026,36.5007824906,4.33339048036,OFF,0,4.33339048036,33.0681651325,39.9333998486
8,house_3_9A_tm_3_A_9_Meter_82_977,45.8800702496,3.90489964812,ON,0,3.90489964812,45.2895586185,46.4705818807
8,house_3_13B_tm_3_B_13_Meter_76_902,38.9167635039,6.07946538518,OFF,0,6.07946538518,34.2512246624,43.5823023454
8,house_3_7C_tm_3_C_7_Meter_73_825,39.7021066872,6.07345491741,OFF,0,6.07345491741,35.4989757102,43.9052376642
8,house_3_5B_tm_3_B_5_Meter_90_1057,37.0474322282,2.16632261553,OFF,0,2.16632261553,30.8480766384,43.246787818
8,house_3_11A_tm_3_A_11_Meter_69_791,24.396700275,2.60316911702,OFF,0,2.60316911702,6.41407670837,42.3793238417
8,house_3_2A_tm_3_A_2_Meter_82_970,16.8798264818,2.60420913685,OFF,0,2.60420913685,0,33.7596529637
8,house_3_12C_tm_3_C_12_Meter_103_1178,29.6115152624,3.90181306696,OFF,0,3.90181306696,19.664924253,39.5581062718
8,house_3_15C_tm_3_C_15_Meter_76_921,24.8917774279,5.21166782438,OFF,0,5.21166782438,12.0845041089,37.6990507468
8,house_3_1B_tm_3_B_1_Meter_99_1129,18.9704999993,1.73809362664,OFF,0,1.73809362664,0,37.9409999986
8,house_3_15A_tm_3_A_15_Meter_98_1128,31.0293623293,4.77602576052,OFF,0,4.77602576052,24.0761526665,37.9825719921
8,house_3_14A_tm_3_A_14_Meter_69_794,34.9275304218,5.20525600351,OFF,0,5.20525600351,31.2042479346,38.6508129091
8,house_3_21A_tm_3_A_21_Meter_76_884,36.2842812091,5.64201046994,OFF,0,5.64201046994,33.8453006805,38.7232617376
8,house_3_6B_tm_3_B_6_Meter_107_1217,33.6071144459,4.77464981284,OFF,0,4.77464981284,26.7660764345,40.4481524574
8,house_3_9C_tm_3_C_9_Meter_104_1190,48.1343692891,6.49700751002,ON,0,6.49700751002,47.5506933286,48.7180452495
8,house_3_12A_tm_3_A_12_Meter_113_1269,24.0322322614,2.15863580972,OFF,0,2.15863580972,8.29569343123,39.7687710916
8,house_3_7A_tm_3_A_7_Meter_79_945,31.3177499078,4.77254387114,OFF,0,4.77254387114,27.0841846811,35.5513151345
8,house_3_8A_tm_3_A_8_Meter_111_1249,37.8699136266,3.45502353903,OFF,0,3.45502353903,32.7112544414,43.0285728118
8,house_3_8C_tm_3_C_8_Meter_73_826,35.3410629536,5.20508662501,OFF,0,5.20508662501,32.0771800789,38.6049458282
8,house_3_25A_tm_3_A_25_Meter_76_888,38.5037456097,2.1707065022,OFF,0,2.1707065022,35.1429928547,41.8644983647
8,house_3_9B_tm_3_B_9_Meter_99_1137,22.9916040322,3.04117920567,OFF,0,3.04117920567,10.2343727139,35.7488353505
8,house_3_9B_tm_3_B_9_Meter_76_898,31.6346789825,3.47427672954,OFF,0,3.47427672954,22.8129327031,40.4564252619
8,house_3_11C_tm_3_C_11_Meter_103_1177,29.9934236015,3.90288313846,OFF,0,3.90288313846,19.9782705199,40.0085766831
8,house_3_4C_tm_3_C_4_Meter_66_748,38.3199202238,3.40642682951,OFF,0,3.40642682951,33.4055706153,43.2342698324
8,house_3_5B_tm_3_B_5_Meter_87_1027,41.527363183,3.03320965797,OFF,0,3.03320965797,38.6548674236,44.3998589424
8,house_3_1B_tm_3_B_1_Meter_107_1212,27.4060920063,4.34125910732,OFF,0,4.34125910732,20.8817907698,33.9303932429
8,house_3_4C_tm_3_C_4_Meter_103_1170,28.9553816918,1.73512884597,OFF,0,1.73512884597,15.7700313756,42.140732008
8,house_3_9C_tm_3_C_9_Meter_92_1076,40.9372522828,6.07764146303,OFF,0,6.07764146303,38.9718687702,42.9026357953
8,house_3_10C_tm_3_C_10_Meter_74_843,28.2037139299,4.33439100411,OFF,0,4.33439100411,15.25887235,41.1485555097
8,house_3_18C_tm_3_C_18_Meter_66_762,41.7467464144,3.8325200111,ON,0,3.8325200111,39.5299536141,43.9635392146
8,house_3_1B_tm_3_B_1_Meter_87_1023,50.7797803615,5.63359303684,ON,0,5.63359303684,50.5662734878,50.9932872352
8,house_3_14A_tm_3_A_14_Meter_109_1240,25.4068582388,3.89421291516,OFF,0,3.89421291516,12.45332632,38.3603901577
8,house_3_15A_tm_3_A_15_Meter_113_1272,31.7100191019,6.04238947814,OFF,0,6.04238947814,25.8583704829,37.5616677209
8,house_3_11C_tm_3_C_11_Meter_104_1192,35.0657446025,6.06346731959,OFF,0,6.06346731959,30.1206303497,40.0108588553
8,house_3_2A_tm_3_A_2_Meter_113_1259,16.6885222799,3.8853951684,OFF,0,3.8853951684,0,33.3770445597
8,house_3_12C_tm_3_C_12_Meter_92_1079,33.5696650056,5.64396482645,OFF,0,5.64396482645,28.6797209272,38.4596090841
8,house_3_6B_tm_3_B_6_Meter_86_1020,41.5690413029,5.20435355376,OFF,0,5.20435355376,40.0138836732,43.1241989327
8,house_3_7A_tm_3_A_7_Meter_113_1264,24.4285139342,3.88511645451,OFF,0,3.88511645451,13.5711978301,35.2858300384
8,house_3_2A_tm_3_A_2_Meter_60_660,34.1506021357,4.68276936473,OFF,0,4.68276936473,28.6804330075,39.620771264
8,house_3_1C_tm_3_C_1_Meter_76_907,33.3621240416,3.04060030614,OFF,0,3.04060030614,23.8661969085,42.8580511746
8,house_3_10C_tm_3_C_10_Meter_85_1009,30.3953233698,4.75834220048,OFF,0,4.75834220048,18.4740814133,42.3165653264
8,house_3_1A_tm_3_A_1_Meter_69_781,44.0873629066,3.90401891018,ON,0,3.41223693923,42.5116474494,45.6630783638
8,house_3_6A_tm_3_A_6_Meter_112_1255,20.0265132078,3.02439951228,OFF,0,3.02439951228,4.57380152966,35.4792248859
8,house_3_2B_tm_3_B_2_Meter_86_1016,32.1762005829,5.20352832506,OFF,0,5.20352832506,23.9663417513,40.3860594144
8,house_3_14C_tm_3_C_14_Meter_92_1081,14.8659645759,3.03974828818,OFF,0,3.03974828818,0.307524650559,29.4244045012
8,house_3_10C_tm_3_C_10_Meter_92_1077,38.8620483036,4.34241484543,OFF,0,4.34241484543,35.1430378932,42.5810587139
8,house_3_5B_tm_3_B_5_Meter_80_958,27.1678719508,3.47164983187,OFF,0,3.47164983187,12.5934402891,41.7423036126
8,house_3_1A_tm_3_A_1_Meter_79_939,29.4070860526,5.63884890343,OFF,0,5.63884890343,24.4478135253,34.3663585799
8,house_3_8B_tm_3_B_8_Meter_99_1136,32.0031327884,3.4753352794,OFF,0,3.4753352794,26.9325021265,37.0737634504
8,house_3_11B_tm_3_B_11_Meter_90_1063,43.7588134262,5.63012709814,OFF,0,5.63012709814,41.9339553928,45.5836714595
8,house_3_7C_tm_3_C_7_Meter_85_1006,23.9868233067,3.02802669518,OFF,0,3.02802669518,9.32440192644,38.649244687
8,house_3_5A_tm_3_A_5_Meter_98_1118,42.8417405899,4.77684772671,OFF,0,4.77684772671,40.5255627592,45.1579184206
8,house_3_5C_tm_3_C_5_Meter_66_749,23.9581326443,1.70409238142,OFF,0,1.70409238142,7.49439803525,40.4218672534
8,house_3_3B_tm_3_B_3_Meter_99_1131,40.744690343,5.64790640873,ON,0,5.64790640873,38.7430386076,42.7463420785
8,house_3_8B_tm_3_B_8_Meter_77_931,35.8749324816,4.34039675194,OFF,0,4.34039675194,31.2663091347,40.4835558286
8,house_3_12A_tm_3_A_12_Meter_79_950,41.148158971,4.33892045723,OFF,0,4.33892045723,38.3377853975,43.9585325445
8,house_3_10A_tm_3_A_10_Meter_76_873,0.0,1.30260053335,OFF,0,0,0.0,0.0
8,house_3_4A_tm_3_A_4_Meter_60_662,24.1706082957,4.25863994088,OFF,0,4.25863994088,6.35508423172,41.9861323597
8,house_3_14B_tm_3_B_14_Meter_106_1210,17.3473341661,2.17260158529,OFF,0,2.17260158529,0,34.6946683322
8,house_3_1B_tm_3_B_1_Meter_65_730,34.4558365279,5.98967868543,OFF,0,5.98967868543,27.7702436754,41.1414293804
8,house_3_8C_tm_3_C_8_Meter_76_914,36.768303794,3.9079327104,OFF,0,3.9079327104,33.3862969255,40.1503106625
8,house_3_6C_tm_3_C_6_Meter_65_740,39.325361322,4.25920545315,OFF,0,4.25920545315,36.9626869509,41.688035693
8,house_3_13A_tm_3_A_13_Meter_113_1270,19.2680194721,1.7267022646,OFF,0,1.7267022646,0,38.5360389443
8,house_3_1B_tm_3_B_1_Meter_96_1106,27.2570220336,6.06111896681,OFF,0,1.61776680138,0,54.5140440672
8,house_3_15C_tm_3_C_15_Meter_92_1082,41.2226552858,3.47401518016,OFF,0,3.47401518016,37.5745729809,44.8707375907
8,house_3_3A_tm_3_A_3_Meter_60_661,53.9699707696,5.10699590936,ON,0,5.10699590936,52.9696457365,54.9702958028
8,house_3_5A_tm_3_A_5_Meter_69_785,39.0636821788,5.63838414095,OFF,0,5.63838414095,36.5430237885,41.584340569
8,house_3_6C_tm_3_C_6_Meter_66_750,35.398731316,4.25879712989,OFF,0,4.25879712989,33.3661346643,37.4313279676
8,house_3_18A_tm_3_A_18_Meter_76_881,20.0686074183,6.07615310879,OFF,0,6.07615310879,13.0381878635,27.0990269731
8,house_3_2B_tm_3_B_2_Meter_95_1099,30.9120274243,5.19568088976,OFF,0,5.19568088976,21.650978239,40.1730766095
8,house_3_1A_tm_3_A_1_Meter_113_1258,26.3460157269,4.31524981458,OFF,0,4.31524981458,15.5610803067,37.1309511472
8,house_3_8C_tm_3_C_8_Meter_74_841,36.5595540442,6.0652923006,ON,0,6.0652923006,30.2283689337,42.8907391548
8,house_3_15A_tm_3_A_15_Meter_88_1052,39.6050134814,1.73355662882,OFF,0,1.73355662882,34.5578800121,44.6521469506
8,house_3_8B_tm_3_B_8_Meter_90_1060,47.0566116456,5.196369376,ON,0,5.196369376,41.3532701885,52.7599531027
8,house_3_6B_tm_3_B_6_Meter_106_1202,21.6687949688,2.17258190032,OFF,0,2.17258190032,1.44629964948,41.8912902881
8,house_3_28B_tm_3_B_28_Meter_64_724,44.602799833,4.70602755794,ON,0,4.70602755794,42.1195756955,47.0860239705
8,house_3_15A_tm_3_A_15_Meter_76_878,26.7200268463,5.64280440916,OFF,0,5.64280440916,21.7750969758,31.6649567167
8,house_3_9B_tm_3_B_9_Meter_106_1205,17.9324072207,1.73800415898,OFF,0,1.73800415898,0,35.8648144414
8,house_3_4B_tm_3_B_4_Meter_76_893,33.7829197877,3.47352815673,OFF,0,3.47352815673,27.17720017,40.3886394053
8,house_3_10C_tm_3_C_10_Meter_103_1176,28.7497503881,2.60214793407,OFF,0,2.60214793407,17.9217137565,39.5777870198
8,house_3_5C_tm_3_C_5_Meter_74_838,20.8714622712,3.46695927496,OFF,0,3.46695927496,5.84685622052,35.8960683219
8,house_3_7A_tm_3_A_7_Meter_82_975,17.6934782762,2.16997295746,OFF,0,2.16997295746,0,35.3869565523
8,house_3_3C_tm_3_C_3_Meter_92_1070,36.0927915616,4.34164166861,OFF,0,4.34164166861,33.4754872761,38.7100958471
8,house_3_7A_tm_3_A_7_Meter_63_688,49.9454830916,5.95147159504,ON,0,5.95147159504,49.6297517974,50.2612143858
8,house_3_15B_tm_3_B_15_Meter_77_938,17.8638569887,3.4726587152,OFF,0,3.4726587152,0.0411346450548,35.6865793322
8,house_3_7A_tm_3_A_7_Meter_98_1120,34.3905457627,4.77481431115,OFF,0,4.77481431115,30.2557806664,38.5253108589
8,house_3_12A_tm_3_A_12_Meter_88_1049,35.7743286883,5.20066615051,OFF,0,5.20066615051,32.5610766036,38.9875807729
8,house_3_7A_tm_3_A_7_Meter_114_1279,34.784259958,3.45193513872,OFF,0,3.45193513872,30.9843320839,38.584187832
8,house_3_12B_tm_3_B_12_Meter_76_901,45.1162980489,4.34129838321,ON,0,4.34129838321,34.7191118741,55.5134842238
8,house_3_6A_tm_3_A_6_Meter_63_687,28.0336628747,5.53353255009,OFF,0,5.53353255009,23.942384019,32.1249417305
8,house_3_11A_tm_3_A_11_Meter_109_1237,41.2187389791,3.02885556336,ON,0,3.02885556336,34.2242585892,48.2132193689
8,house_3_3C_tm_3_C_3_Meter_62_669,32.3099846389,4.69365099166,OFF,0,4.69365099166,28.9370570674,35.6829122105
8,house_3_6C_tm_3_C_6_Meter_103_1172,43.8505715602,4.33674673533,ON,0,4.33674673533,40.1351350514,47.566008069
8,house_3_10C_tm_3_C_10_Meter_62_676,37.8096392824,4.69492087813,OFF,0,4.69492087813,32.3883838166,43.2308947482
8,house_3_12A_tm_3_A_12_Meter_71_815,35.3986562976,4.33397128755,OFF,0,4.33397128755,28.6698626174,42.1274499779
8,house_3_13A_tm_3_A_13_Meter_69_793,42.4945138556,2.6027394947,OFF,0,2.6027394947,39.7359713523,45.2530563589
8,house_3_5C_tm_3_C_5_Meter_73_823,26.447342893,3.9039987845,OFF,0,3.9039987845,14.2099423664,38.6847434196
8,house_3_7C_tm_3_C_7_Meter_103_1173,17.6020834436,1.30124205953,OFF,0,1.30124205953,0,35.2041668871
8,house_3_13C_tm_3_C_13_Meter_103_1179,32.1857141422,4.33622931383,OFF,0,4.33622931383,24.3949344085,39.976493876
8,house_3_2A_tm_3_A_2_Meter_69_782,34.5135913529,4.33789462607,OFF,0,4.33789462607,31.3142924009,37.7128903049
8,house_3_22C_tm_3_C_22_Meter_66_766,20.597860124,3.4053920534,OFF,0,3.4053920534,8.14884365813,33.0468765899
8,house_3_3A_tm_3_A_3_Meter_82_971,32.1502277138,5.64147262935,OFF,0,5.64147262935,27.2801219661,37.0203334615
8,house_3_2A_tm_3_A_2_Meter_76_865,34.7320988944,5.20794351418,OFF,0,5.20794351418,30.7684618623,38.6957359265
8,house_3_12C_tm_3_C_12_Meter_85_1011,42.9331883772,5.19257973641,OFF,0,5.19257973641,40.7412669068,45.1251098475
8,house_3_5C_tm_3_C_5_Meter_92_1072,36.7906098371,5.64314864475,OFF,0,5.64314864475,34.1459390626,39.4352806117
8,house_3_1C_tm_3_C_1_Meter_100_1144,11.9707370068,3.04038124395,OFF,0,3.04038124395,0,23.9414740135
8,house_3_7B_tm_3_B_7_Meter_64_703,40.4430085016,2.99434210541,OFF,0,2.99434210541,37.9122672766,42.9737497265
8,house_3_9C_tm_3_C_9_Meter_74_842,38.9175171983,4.33256311003,OFF,0,4.33256311003,35.0277137136,42.807320683
8,house_3_15A_tm_3_A_15_Meter_69_795,24.6791957663,3.03647085652,OFF,0,3.03647085652,8.63532366057,40.7230678721
8,house_3_12B_tm_3_B_12_Meter_64_708,46.5143612719,2.5676626512,ON,0,0.558603728606,45.8017261254,47.2269964184
8,house_3_12C_tm_3_C_12_Meter_75_860,38.3471256618,4.76336418092,OFF,0,4.76336418092,34.3845807014,42.3096706223
8,house_3_3A_tm_3_A_3_Meter_94_1085,24.1464802074,4.33090079711,OFF,0,4.33090079711,9.68542257493,38.6075378399
8,house_3_11B_tm_3_B_11_Meter_99_1139,11.0451070568,6.08119400991,OFF,0,6.08119400991,0,22.0902141136
8,house_3_1B_tm_3_B_1_Meter_76_890,21.5881086513,2.17121720836,OFF,0,2.17121720836,2.23985288522,40.9363644173
8,house_3_5C_tm_3_C_5_Meter_102_1163,32.2686988026,3.47271533394,OFF,0,3.47271533394,24.4251574306,40.1122401745
8,house_3_9C_tm_3_C_9_Meter_103_1175,53.7351661379,4.77012026046,OFF,0,3.35020054017,53.3774424779,54.092889798
8,house_3_13C_tm_3_C_13_Meter_66_757,19.2755241954,2.55481527738,OFF,0,2.55481527738,0,38.5510483908
8,house_3_4A_tm_3_A_4_Meter_94_1086,37.4847665577,4.32955235917,OFF,0,4.32955235917,33.0916781532,41.8778549622
8,house_3_23C_tm_3_C_23_Meter_66_767,45.3596815537,2.55450732311,ON,0,2.55450732311,38.5367329419,52.1826301655
8,house_3_7C_tm_3_C_7_Meter_66_751,28.0087270388,2.55634329637,OFF,0,2.55634329637,16.1495451527,39.8679089249
8,house_3_8A_tm_3_A_8_Meter_60_666,7.75871219528,6.38591282491,OFF,0,6.38591282491,0,15.5174243906
8,house_3_2C_tm_3_C_2_Meter_74_835,26.2439435361,3.03421243116,OFF,0,3.03421243116,15.0190510842,37.4688359879
8,house_3_1C_tm_3_C_1_Meter_92_1068,27.6581171752,4.77610221667,OFF,0,4.77610221667,17.5450852607,37.7711490897
8,house_3_9A_tm_3_A_9_Meter_76_872,54.0052183785,2.60441798971,OFF,0,1.5744736429,53.8572620523,54.1531747048
8,house_3_4A_tm_3_A_4_Meter_76_867,45.4077385989,3.47239354597,ON,0,3.47239354597,44.4789863432,46.3364908546
8,house_3_8B_tm_3_B_8_Meter_87_1030,35.8620550573,3.46720361454,OFF,0,3.46720361454,27.9581526098,43.7659575049
8,house_3_8B_tm_3_B_8_Meter_86_1022,26.1372774967,2.16861311092,OFF,0,2.16861311092,11.6759097588,40.5986452346
8,house_3_1B_tm_3_B_1_Meter_80_954,32.9211759727,3.4713057563,OFF,0,3.4713057563,23.5854225169,42.2569294285
8,house_3_14A_tm_3_A_14_Meter_113_1271,51.7944851934,4.74963744922,ON,0,4.74963744922,36.8718138307,66.7171565561
8,house_3_11B_tm_3_B_11_Meter_80_964,33.3303978366,4.77282885881,OFF,0,4.77282885881,27.5160722221,39.1447234512
8,house_3_10B_tm_3_B_10_Meter_64_706,25.7800144608,5.13501449109,ON,0,4.85793236467,0,51.5600289216
8,house_3_15C_tm_3_C_15_Meter_66_759,28.0215471847,5.5355291658,ON,0,2.44659700781,0,56.0430943695
8,house_3_9A_tm_3_A_9_Meter_69_789,25.9158188671,4.33801606516,OFF,0,2.51100811353,0,51.8316377343
8,house_3_11A_tm_3_A_11_Meter_94_1093,20.6015788854,6.06044268742,OFF,0,6.06044268742,13.4474679237,27.7556898471
8,house_3_1A_tm_3_A_1_Meter_63_682,40.598500869,5.52997152842,OFF,0,5.52997152842,38.98795052,42.209051218
8,house_3_15C_tm_3_C_15_Meter_100_1158,25.6763381665,5.64427296191,OFF,0,5.64427296191,16.8497416831,34.5029346499
8,house_3_9B_tm_3_B_9_Meter_80_962,17.7131551809,6.07397222738,OFF,0,6.07397222738,4.53889341763,30.8874169442
8,house_3_7A_tm_3_A_7_Meter_71_810,29.9483897752,5.62983227999,OFF,0,5.62983227999,21.9882865457,37.9084930047
8,house_3_7C_tm_3_C_7_Meter_100_1150,43.009901293,3.04055944995,ON,0,3.04055944995,35.2446392659,50.7751633201
8,house_3_23A_tm_3_A_23_Meter_76_886,35.5540941133,4.34154239172,OFF,0,4.34154239172,30.8737421496,40.2344460771
8,house_3_12A_tm_3_A_12_Meter_63_693,40.2579150185,4.68086814946,OFF,0,4.68086814946,37.3272388437,43.1885911933
8,house_3_4A_tm_3_A_4_Meter_88_1041,43.3334484676,6.06669183437,ON,0,6.06669183437,42.6336900419,44.0332068932
8,house_3_2C_tm_3_C_2_Meter_92_1069,19.9836741505,2.60559630074,OFF,0,2.60559630074,0,39.967348301
8,house_3_4C_tm_3_C_4_Meter_85_1003,29.9066562253,5.62275324188,OFF,0,5.62275324188,20.9232513522,38.8900610984
8,house_3_4A_tm_3_A_4_Meter_71_807,34.6318004357,4.33260694103,OFF,0,4.33260694103,30.312039882,38.9515609893
8,house_3_11A_tm_3_A_11_Meter_88_1048,42.6074165458,4.76475030986,ON,0,3.83994875412,41.283979532,43.9308535595
8,house_3_16B_tm_3_B_16_Meter_64_712,24.925085684,3.42218498079,OFF,0,3.42218498079,11.8917679121,37.9584034558
8,house_3_7B_tm_3_B_7_Meter_80_960,41.364156984,6.07312577054,ON,0,6.07312577054,40.228992807,42.499321161
8,house_3_6A_tm_3_A_6_Meter_98_1119,32.4768367897,5.6451560755,OFF,0,5.6451560755,25.1358860173,39.817787562
8,house_3_5A_tm_3_A_5_Meter_68_777,19.0989186833,1.30291495138,OFF,0,1.30291495138,0,38.1978373666
8,house_3_2A_tm_3_A_2_Meter_70_797,37.2680279475,3.03530500777,OFF,0,3.03530500777,29.9384433124,44.5976125825
8,house_3_9A_tm_3_A_9_Meter_71_812,45.5454097814,5.20017671821,ON,0,5.20017671821,39.751291224,51.3395283389
8,house_3_6B_tm_3_B_6_Meter_87_1028,21.8860292611,5.63211215603,OFF,0,5.63211215603,11.2311712967,32.5408872254
8,house_3_2C_tm_3_C_2_Meter_100_1145,18.9021350356,2.60556658683,OFF,0,2.60556658683,5.388880207,32.4153898641
8,house_3_1C_tm_3_C_1_Meter_102_1159,19.7236982553,4.34084556407,OFF,0,4.34084556407,0,39.4473965107
8,house_3_15A_tm_3_A_15_Meter_82_983,27.3833294369,5.6403999497,OFF,0,5.6403999497,16.0604194181,38.7062394558
8,house_3_7B_tm_3_B_7_Meter_95_1104,20.7932094733,1.73265540204,OFF,0,1.73265540204,0,41.5864189465
8,house_3_14A_tm_3_A_14_Meter_71_817,36.7703752267,4.33239610072,OFF,0,4.33239610072,31.7724634091,41.7682870444
8,house_3_6A_tm_3_A_6_Meter_88_1043,20.2611770216,3.0329517054,OFF,0,3.0329517054,2.99442042085,37.5279336223
8,house_3_14B_tm_3_B_14_Meter_80_967,39.9765036793,3.03750042597,OFF,0,3.03750042597,37.1637045007,42.7893028578
8,house_3_4A_tm_3_A_4_Meter_111_1245,21.8091764842,3.4582163476,OFF,0,3.4582163476,3.02391647587,40.5944364926
8,house_3_14B_tm_3_B_14_Meter_99_1142,42.1058096348,3.91078570569,OFF,0,3.91078570569,39.0974958355,45.1141234342
8,house_3_2B_tm_3_B_2_Meter_99_1130,33.4679712466,3.04154473724,OFF,0,3.04154473724,26.4626551529,40.4732873402
8,house_3_17C_tm_3_C_17_Meter_66_761,37.2651430484,4.68575916989,ON,0,4.68575916989,16.6611056653,57.8691804314
8,house_3_2A_tm_3_A_2_Meter_79_940,20.6945211954,2.60412513917,OFF,0,2.60412513917,0,41.3890423908
8,house_3_4B_tm_3_B_4_Meter_106_1200,53.065830084,4.7783738645,ON,0,4.7783738645,52.3306501219,53.8010100461
8,house_3_5C_tm_3_C_5_Meter_84_996,28.6578356177,3.03128259327,OFF,0,3.03128259327,16.817358405,40.4983128304
8,house_3_13A_tm_3_A_13_Meter_109_1239,18.1066922165,2.16331899649,OFF,0,2.16331899649,0,36.2133844331
8,house_3_11C_tm_3_C_11_Meter_85_1010,42.4037837868,5.19146038515,OFF,0,5.19146038515,40.3948882909,44.4126792826
8,house_3_3C_tm_3_C_3_Meter_104_1184,30.8017042078,2.59959212307,OFF,0,2.59959212307,18.2898550694,43.3135533463
8,house_3_3B_tm_3_B_3_Meter_96_1108,42.1556106495,3.03063609863,ON,0,3.03063609863,34.6866398647,49.6245814344
8,house_3_8A_tm_3_A_8_Meter_94_1090,30.162606094,6.06056682114,OFF,0,6.06056682114,26.2873331825,34.0378790055
8,house_3_5C_tm_3_C_5_Meter_75_853,40.2711668212,5.1970805208,OFF,0,5.1970805208,38.8065586115,41.7357750309
8,house_3_5C_tm_3_C_5_Meter_104_1186,33.0529230355,5.6321372274,OFF,0,5.6321372274,28.3096104357,37.7962356354
8,house_3_13A_tm_3_A_13_Meter_79_951,32.2507840665,5.63791028122,OFF,0,5.63791028122,28.3281419648,36.1734261683
8,house_3_6C_tm_3_C_6_Meter_74_839,43.4146032482,4.33423451247,ON,0,4.33423451247,27.73212971,59.0970767865
8,house_3_5A_tm_3_A_5_Meter_114_1277,46.1119905863,6.03761532905,ON,0,6.03761532905,43.2598003641,48.9641808085
8,house_3_7A_tm_3_A_7_Meter_69_787,60.1157775606,5.63799649832,ON,0,5.63799649832,32.6327500161,87.5988051052
8,house_3_2A_tm_3_A_2_Meter_109_1228,40.9334784156,5.19275549471,OFF,0,5.19275549471,37.5526580171,44.3142988141
8,house_3_2B_tm_3_B_2_Meter_106_1198,19.5887567667,2.1725112639,OFF,0,2.1725112639,0,39.1775135334
8,house_3_6C_tm_3_C_6_Meter_100_1149,36.7192284428,5.64573292883,OFF,0,5.64573292883,28.4648170893,44.9736397964
8,house_3_4A_tm_3_A_4_Meter_114_1276,21.7319826078,3.8840303951,OFF,0,3.8840303951,14.313396379,29.1505688367
8,house_3_8A_tm_3_A_8_Meter_98_1121,44.6054994936,4.3433776444,ON,0,4.3433776444,9.83329524729,79.3777037398
8,house_3_2C_tm_3_C_2_Meter_84_993,31.7029765923,2.5982757516,OFF,0,2.5982757516,22.7909497876,40.615003397
8,house_3_3C_tm_3_C_3_Meter_103_1169,15.4154739585,2.60257072622,OFF,0,2.60257072622,0,30.8309479169
8,house_3_7A_tm_3_A_7_Meter_76_870,34.3449616398,6.07613809993,OFF,0,6.07613809993,28.6700916159,40.0198316637
8,house_3_3B_tm_3_B_3_Meter_87_1025,30.2859183922,4.33289449137,OFF,0,4.33289449137,23.0192196538,37.5526171306
8,house_3_5A_tm_3_A_5_Meter_88_1042,47.0486781552,4.33407964299,ON,0,0.621329929411,46.7621828715,47.3351734389
8,house_3_2C_tm_3_C_2_Meter_62_668,30.8121444046,1.70871142879,OFF,0,1.70871142879,19.89384792,41.7304408892
8,house_3_10C_tm_3_C_10_Meter_73_828,36.4654285284,5.6401864097,OFF,0,5.6401864097,31.7611266946,41.1697303622
8,house_3_1A_tm_3_A_1_Meter_88_1038,13.0620938434,2.16694836207,OFF,0,2.16694836207,0,26.1241876869
8,house_3_9B_tm_3_B_9_Meter_90_1061,39.0119619966,6.0642832925,OFF,0,6.0642832925,34.9139629671,43.109961026
8,house_3_15C_tm_3_C_15_Meter_73_833,28.8846025406,5.20600680216,OFF,0,5.20600680216,20.1326639345,37.6365411466
8,house_3_5B_tm_3_B_5_Meter_76_894,17.1927168253,2.60522479711,OFF,0,2.60522479711,0,34.3854336505
8,house_3_25B_tm_3_B_25_Meter_64_721,37.5530140208,5.13188183393,OFF,0,5.13188183393,33.1032399551,42.0027880865
8,house_3_3C_tm_3_C_3_Meter_74_836,39.3864041101,4.33501060396,OFF,0,4.33501060396,35.0159334912,43.756874729
8,house_3_9B_tm_3_B_9_Meter_87_1031,32.9524398857,5.19862096531,OFF,0,5.19862096531,27.9388549163,37.9660248551
8,house_3_15B_tm_3_B_15_Meter_99_1143,19.0190864302,2.60681127257,OFF,0,2.60681127257,0,38.0381728604
8,house_3_14C_tm_3_C_14_Meter_74_847,25.8314384744,4.33382797864,OFF,0,4.33382797864,18.3669822993,33.2958946495
8,house_3_10B_tm_3_B_10_Meter_106_1206,40.998909999,3.9101344981,OFF,0,3.9101344981,38.4686557635,43.5291642345
8,house_3_11A_tm_3_A_11_Meter_63_692,17.923337592,2.12769073847,OFF,0,2.12769073847,0,35.846675184
8,house_3_13B_tm_3_B_13_Meter_107_1224,40.7289622212,3.47277076283,OFF,0,3.47277076283,37.7399058118,43.7180186305
8,house_3_10B_tm_3_B_10_Meter_90_1062,15.0901730807,3.03215600682,OFF,0,3.03215600682,0,30.1803461614
8,house_3_14C_tm_3_C_14_Meter_73_832,23.6382284836,3.0371885812,OFF,0,3.0371885812,14.3808348985,32.8956220688
8,house_3_10C_tm_3_C_10_Meter_76_916,38.7241298832,3.47428035842,OFF,0,3.47428035842,33.8851415676,43.5631181989
8,house_3_10B_tm_3_B_10_Meter_107_1221,19.8852495574,1.73689934045,OFF,0,1.73689934045,0,39.7704991148
8,house_3_11A_tm_3_A_11_Meter_71_814,22.1632095679,3.03332125669,OFF,0,3.03332125669,9.90217018857,34.4242489472
8,house_3_1C_tm_3_C_1_Meter_66_745,49.3887258434,2.55572271006,ON,0,0.328901547708,49.0568744711,49.7205772158
8,house_3_7C_tm_3_C_7_Meter_104_1188,42.4112585396,3.89884018691,ON,0,2.62683097047,41.5205642164,43.3019528628
8,house_3_11C_tm_3_C_11_Meter_100_1154,44.8524831956,6.08015824716,ON,0,2.76792344189,44.29834912,45.4066172713
8,house_3_14C_tm_3_C_14_Meter_103_1180,18.4494902292,1.30123687429,OFF,0,1.30123687429,0,36.8989804585
8,house_3_7C_tm_3_C_7_Meter_76_913,37.5038699372,3.03990487978,ON,0,3.03990487978,29.146067767,45.8616721073
8,house_3_14A_tm_3_A_14_Meter_94_1096,38.7127476743,4.76488163292,OFF,0,4.76488163292,34.7435451874,42.6819501612
8,house_3_6C_tm_3_C_6_Meter_62_672,41.0738681335,2.13553166429,ON,0,2.13553166429,38.0311658478,44.1165704192
8,house_3_13C_tm_3_C_13_Meter_76_919,46.7251285061,3.90860674031,ON,0,3.90860674031,39.0758202364,54.3744367758
8,house_3_4C_tm_3_C_4_Meter_62_670,26.1424145494,3.41487451197,OFF,0,3.41487451197,16.0565743992,36.2282546996
8,house_3_7C_tm_3_C_7_Meter_83_990,20.6263519964,1.73458323454,OFF,0,1.73458323454,0,41.2527039928
8,house_3_15C_tm_3_C_15_Meter_74_848,49.2204422898,6.49845311783,OFF,0,0.381395581245,49.1411170625,49.299767517
8,house_3_4C_tm_3_C_4_Meter_100_1147,35.0791858183,1.73765707096,OFF,0,1.73765707096,26.5892396068,43.5691320297
8,house_3_11C_tm_3_C_11_Meter_92_1078,36.0666461074,3.4732497359,OFF,0,3.4732497359,30.6539782973,41.4793139174
8,house_3_12A_tm_3_A_12_Meter_98_1125,35.8881638742,4.77681396575,OFF,0,4.77681396575,31.3136008312,40.4627269172
8,house_3_16C_tm_3_C_16_Meter_76_922,31.2285134607,3.04041850385,OFF,0,3.04041850385,19.7270152612,42.7300116602
8,house_3_7A_tm_3_A_7_Meter_111_1248,23.2058588046,4.31961841036,OFF,0,4.31961841036,7.07197727243,39.3397403367
8,house_3_1C_tm_3_C_1_Meter_74_834,25.1089866923,2.6003543861,OFF,0,2.6003543861,12.3203858552,37.8975875294
8,house_3_13A_tm_3_A_13_Meter_98_1126,21.1520747726,4.34223230457,OFF,0,4.34223230457,10.317563138,31.9865864073
8,house_3_3C_tm_3_C_3_Meter_84_994,26.3208595051,3.02969446096,OFF,0,3.02969446096,12.6847963,39.9569227102
8,house_3_7B_tm_3_B_7_Meter_107_1218,54.3305056997,3.90692986788,ON,0,2.40129831183,53.4092005227,55.2518108766
8,house_3_1C_tm_3_C_1_Meter_62_667,28.2443542404,5.11943338765,OFF,0,5.11943338765,23.5918267832,32.8968816976
8,house_3_12C_tm_3_C_12_Meter_74_845,32.9723050392,3.90140150931,OFF,0,3.90140150931,25.9681483769,39.9764617016
8,house_3_14B_tm_3_B_14_Meter_90_1066,36.1982032435,4.76333191347,OFF,0,4.76333191347,31.4743050512,40.9221014358
8,house_3_4C_tm_3_C_4_Meter_83_987,27.7080070056,4.33558643312,OFF,0,4.33558643312,13.1365694427,42.2794445685
8,house_3_10A_tm_3_A_10_Meter_79_948,35.2891721523,2.60375519093,OFF,0,2.60375519093,28.3630823524,42.2152619522
8,house_3_12B_tm_3_B_12_Meter_99_1140,38.3566895469,5.213806513,OFF,0,5.213806513,36.782703906,39.9306751879
8,house_3_10B_tm_3_B_10_Meter_76_899,40.108434645,4.77581338409,OFF,0,4.77581338409,35.8401182818,44.3767510083
8,house_3_2B_tm_3_B_2_Meter_76_891,41.2331070806,3.90750315416,OFF,0,3.90750315416,38.3783443931,44.0878697682
8,house_3_13A_tm_3_A_13_Meter_88_1050,17.4130071338,1.73380786811,OFF,0,1.73380786811,0,34.8260142676
8,house_3_8C_tm_3_C_8_Meter_102_1166,46.8178344104,4.34054759412,ON,0,4.34054759412,37.0795246115,56.5561442094
8,house_3_4A_tm_3_A_4_Meter_82_972,29.0629397979,5.6400561725,OFF,0,5.6400561725,21.899071133,36.2268084628
8,house_3_3C_tm_3_C_3_Meter_102_1161,22.4617124297,6.07487880143,OFF,0,6.07487880143,15.419280443,29.5041444164
8,house_3_13A_tm_3_A_13_Meter_94_1095,30.5238272243,6.06218941755,ON,0,6.06218941755,18.940165407,42.1074890417
8,house_3_1A_tm_3_A_1_Meter_68_773,34.5055677589,5.64346182633,OFF,0,5.64346182633,29.6413988444,39.3697366734
8,house_3_11C_tm_3_C_11_Meter_66_755,53.2448516466,5.10712249156,ON,0,5.10712249156,53.0104905867,53.4792127064
8,house_3_11C_tm_3_C_11_Meter_62_677,30.39298623,4.69625709667,OFF,0,4.69625709667,24.6042347332,36.1817377268
8,house_3_7A_tm_3_A_7_Meter_112_1256,32.1717126682,6.04679634948,OFF,0,6.04679634948,24.822669412,39.5207559244
8,house_3_6C_tm_3_C_6_Meter_104_1187,42.6317395375,1.73317735568,OFF,0,1.24679794596,40.4483809523,44.8150981228
8,house_3_1A_tm_3_A_1_Meter_71_804,25.4380806304,5.20122950149,ON,0,5.20122950149,5.55496893986,45.3211923209
8,house_3_8C_tm_3_C_8_Meter_100_1151,41.6730435506,5.6450725975,ON,0,5.6450725975,39.2909009578,44.0551861435
8,house_3_22A_tm_3_A_22_Meter_76_885,19.5257689893,1.73627310016,OFF,0,1.73627310016,0,39.0515379786
8,house_3_6B_tm_3_B_6_Meter_80_959,24.2086335878,2.60392049806,OFF,0,2.60392049806,10.1044415697,38.3128256058
8,house_3_2B_tm_3_B_2_Meter_80_955,28.5674763962,3.90595438636,OFF,0,3.90595438636,14.3300006341,42.8049521582
8,house_3_2B_tm_3_B_2_Meter_90_1054,21.0517728084,3.46491978528,OFF,0,3.46491978528,12.7368401231,29.3667054938
8,house_3_1B_tm_3_B_1_Meter_86_1015,29.0465546602,3.03530261795,OFF,0,3.03530261795,23.0485422381,35.0445670824
8,house_3_14B_tm_3_B_14_Meter_87_1036,35.0567046185,3.90061070428,OFF,0,3.90061070428,28.3647254323,41.7486838046
8,house_3_3B_tm_3_B_3_Meter_76_892,20.2210621206,2.60550663492,OFF,0,2.60550663492,0,40.4421242413
8,house_3_8C_tm_3_C_8_Meter_65_742,33.3933348227,5.5326782746,OFF,0,5.5326782746,31.5042758795,35.2823937658
8,house_3_27C_tm_3_C_27_Meter_66_771,40.0063449153,3.83414187795,ON,0,3.83414187795,33.645623991,46.3670658397
8,house_3_8A_tm_3_A_8_Meter_109_1234,25.9211237369,5.19303537865,ON,0,5.19303537865,0,51.8422474737
8,house_3_2A_tm_3_A_2_Meter_98_1115,38.1102721227,4.77646967186,OFF,0,4.77646967186,33.2069856668,43.0135585787
8,house_3_5A_tm_3_A_5_Meter_79_943,33.3600689792,6.5072801102,OFF,0,6.5072801102,25.7205955811,40.9995423773
8,house_3_12C_tm_3_C_12_Meter_62_678,21.4741267042,2.13525896114,OFF,0,2.13525896114,0,42.9482534085
8,house_3_3B_tm_3_B_3_Meter_80_956,40.1031837092,1.73571252914,OFF,0,1.73571252914,36.3968185588,43.8095488596
8,house_3_4C_tm_3_C_4_Meter_75_852,38.3848076377,3.89895211098,OFF,0,3.89895211098,34.2795304655,42.4900848099
8,house_3_10C_tm_3_C_10_Meter_66_754,51.076871257,4.25667636997,ON,0,4.25667636997,50.4693547027,51.6843878114
8,house_3_4A_tm_3_A_4_Meter_98_1117,36.0255303775,4.34214063717,OFF,0,4.34214063717,31.7520501347,40.2990106203
8,house_3_21B_tm_3_B_21_Meter_64_717,31.0726201821,4.27982865022,ON,0,4.27982865022,19.8618201947,42.2834201696
8,house_3_8C_tm_3_C_8_Meter_62_674,31.1665637212,4.69277540618,OFF,0,4.69277540618,25.8762289155,36.4568985269
8,house_3_8B_tm_3_B_8_Meter_106_1204,28.5900672437,5.6470888508,OFF,0,5.6470888508,13.4077034544,43.7724310331
8,house_3_2A_tm_3_A_2_Meter_65_726,28.0608961135,5.95657794525,OFF,0,5.95657794525,24.3807851541,31.7410070729
8,house_3_5A_tm_3_A_5_Meter_76_868,17.8333742276,1.73668923268,OFF,0,1.73668923268,0,35.6667484552
8,house_3_2C_tm_3_C_2_Meter_76_908,23.4069394511,3.03957650636,OFF,0,3.03957650636,7.39734863527,39.416530267
8,house_3_8A_tm_3_A_8_Meter_113_1265,30.6970829452,3.88428672255,OFF,0,3.88428672255,22.7960504552,38.5981154353
8,house_3_7B_tm_3_B_7_Meter_87_1029,29.8668431895,6.06601395924,OFF,0,6.06601395924,25.0587262852,34.6749600938
8,house_3_8A_tm_3_A_8_Meter_112_1257,27.7690685351,2.59247421746,OFF,0,1.33593259636,0,55.5381370703
8,house_3_5A_tm_3_A_5_Meter_71_808,30.2065931526,4.76577220332,OFF,0,4.76577220332,20.0868006312,40.326385674
8,house_3_6A_tm_3_A_6_Meter_60_664,30.7235725266,5.10739717051,OFF,0,5.10739717051,24.2393558157,37.2077892374
8,house_3_15B_tm_3_B_15_Meter_80_968,54.9200038138,3.47176801257,OFF,0,2.27530140573,54.6366355021,55.2033721255
8,house_3_14C_tm_3_C_14_Meter_76_920,29.9732260132,3.47381943272,OFF,0,3.47381943272,20.1207811412,39.8256708852
8,house_3_9C_tm_3_C_9_Meter_66_753,43.751136232,3.83306596193,ON,0,3.83306596193,41.1296302842,46.3726421798
8,house_3_11A_tm_3_A_11_Meter_79_949,30.9751630523,6.50806983729,OFF,0,6.50806983729,26.8063017533,35.1440243514
8,house_3_6C_tm_3_C_6_Meter_84_997,27.1785591349,3.89592876599,OFF,0,3.89592876599,16.8223664822,37.5347517877
8,house_3_11C_tm_3_C_11_Meter_76_917,8.19442320114,4.7775981171,OFF,0,4.7775981171,0,16.3888464023
8,house_3_24A_tm_3_A_24_Meter_76_887,37.4305333721,5.64247438415,OFF,0,5.64247438415,33.7529913613,41.1080753829
8,house_3_1A_tm_3_A_1_Meter_76_864,23.7870548192,5.64270040158,OFF,0,5.64270040158,12.4947132752,35.0793963632
8,house_3_5A_tm_3_A_5_Meter_112_1254,32.5456080034,3.45614414795,OFF,0,3.45614414795,25.4649702275,39.6262457792
8,house_3_1C_tm_3_C_1_Meter_85_1000,23.9116931943,2.5968829651,OFF,0,2.5968829651,6.71751320366,41.105873185
8,house_3_9C_tm_3_C_9_Meter_65_743,18.6502634192,1.70424287115,OFF,0,1.70424287115,0,37.3005268384
8,house_3_8A_tm_3_A_8_Meter_82_976,41.2514418366,2.6039804485,ON,0,2.6039804485,36.1716352389,46.3312484343
8,house_3_5B_tm_3_B_5_Meter_106_1201,41.9894823622,4.34456526694,ON,0,4.34456526694,40.0665371157,43.9124276086
8,house_3_6A_tm_3_A_6_Meter_82_974,18.2285832713,1.30213885872,OFF,0,1.30213885872,0,36.4571665427
8,house_3_7B_tm_3_B_7_Meter_106_1203,19.3921742809,3.04104116668,OFF,0,3.04104116668,0,38.7843485618
8,house_3_5C_tm_3_C_5_Meter_103_1171,32.3434914563,4.33679438001,OFF,0,4.33679438001,27.0235597356,37.663423177
8,house_3_2A_tm_3_A_2_Meter_71_805,26.9026349692,1.30019758336,OFF,0,1.30019758336,13.2612245919,40.5440453464
8,house_3_3A_tm_3_A_3_Meter_111_1244,29.0135474686,5.61807492655,OFF,0,5.61807492655,23.9314120465,34.0956828907
8,house_3_5A_tm_3_A_5_Meter_65_729,30.2970502509,2.9767169875,OFF,0,2.9767169875,25.1430671454,35.4510333565
8,house_3_10A_tm_3_A_10_Meter_109_1236,17.4041856676,3.02901771999,OFF,0,3.02901771999,4.25367683149,30.5546945038
8,house_3_11B_tm_3_B_11_Meter_107_1222,30.2423705748,6.51069164733,OFF,0,6.51069164733,23.9459262774,36.5388148722
8,house_3_2A_tm_3_A_2_Meter_112_1251,15.9741493253,2.16068872366,OFF,0,2.16068872366,0,31.9482986507
8,house_3_4C_tm_3_C_4_Meter_84_995,16.6433881698,5.62665979008,OFF,0,5.62665979008,6.38057159979,26.9062047399
8,house_3_9C_tm_3_C_9_Meter_62_675,15.7519642108,5.97453455654,OFF,0,5.97453455654,6.16377690293,25.3401515186
8,house_3_7C_tm_3_C_7_Meter_84_998,34.0062579507,3.89761893037,OFF,0,3.89761893037,31.9634047579,36.0491111434
8,house_3_12B_tm_3_B_12_Meter_77_935,24.5772652684,3.47276037715,OFF,0,3.47276037715,13.9769284082,35.1776021287
8,house_3_12A_tm_3_A_12_Meter_82_980,24.1793481801,4.77407890618,OFF,0,4.77407890618,17.7003799504,30.6583164099
8,house_3_8C_tm_3_C_8_Meter_85_1007,37.6421227075,5.62143827876,ON,0,5.62143827876,31.9795286789,43.3047167361
8,house_3_6A_tm_3_A_6_Meter_109_1232,22.8148513936,5.19139472701,OFF,0,5.19139472701,9.56343934147,36.0662634458
8,house_3_3B_tm_3_B_3_Meter_95_1100,35.62395798,2.16622196434,OFF,0,2.16622196434,27.5271054294,43.7208105306
8,house_3_8C_tm_3_C_8_Meter_84_999,17.0581698567,4.76042836305,OFF,0,4.76042836305,0,34.1163397133
8,house_3_15A_tm_3_A_15_Meter_71_818,34.0701342158,6.49762536909,OFF,0,6.49762536909,29.2447037117,38.8955647199
8,house_3_15B_tm_3_B_15_Meter_90_1067,35.2747298767,3.46508742564,OFF,0,3.46508742564,30.0414261617,40.5080335918
8,house_3_3C_tm_3_C_3_Meter_76_909,30.7631998562,5.64389538328,OFF,0,5.64389538328,26.0218107725,35.5045889399
8,house_3_8C_tm_3_C_8_Meter_104_1189,41.5987243417,5.63099833221,ON,0,5.63099833221,41.1164194898,42.0810291937
8,house_3_6C_tm_3_C_6_Meter_83_989,25.5134825704,3.03460023241,OFF,0,3.03460023241,12.6339823517,38.3929827892
8,house_3_13A_tm_3_A_13_Meter_76_876,32.4516646236,5.64160941462,OFF,0,5.64160941462,25.6193682865,39.2839609608
8,house_3_6C_tm_3_C_6_Meter_92_1073,30.7627994204,4.77526748801,OFF,0,4.77526748801,27.1867457179,34.338853123
8,house_3_3A_tm_3_A_3_Meter_70_798,27.3198970242,3.46808236584,OFF,0,3.46808236584,14.3297346504,40.3100593981
8,house_3_4A_tm_3_A_4_Meter_109_1230,21.6352669552,1.73115575766,OFF,0,1.73115575766,2.89303659924,40.3774973112
8,house_3_9B_tm_3_B_9_Meter_107_1220,21.9681329522,3.47321199506,OFF,0,3.47321199506,3.90250377182,40.0337621326
8,house_3_8C_tm_3_C_8_Meter_75_856,36.4480978329,3.8987145251,OFF,0,3.8987145251,32.3117234969,40.584472169
8,house_3_5C_tm_3_C_5_Meter_76_911,48.8941628183,5.64451895625,ON,0,5.64451895625,48.4530595661,49.3352660705
8,house_3_4A_tm_3_A_4_Meter_68_776,26.5137436002,3.47352050078,OFF,0,3.47352050078,14.3286092648,38.6988779355
8,house_3_17B_tm_3_B_17_Meter_76_906,35.1168581052,5.20983833444,OFF,0,5.20983833444,32.3380114792,37.8957047313
8,house_3_6C_tm_3_C_6_Meter_102_1164,15.2352219143,3.90609970119,OFF,0,3.90609970119,0,30.4704438286
8,house_3_2A_tm_3_A_2_Meter_111_1243,19.8272573276,2.1609689071,OFF,0,2.1609689071,0,39.6545146551
8,house_3_14A_tm_3_A_14_Meter_63_695,23.7884450815,3.8302440072,OFF,0,3.8302440072,10.2965025757,37.2803875873
8,house_3_14B_tm_3_B_14_Meter_64_710,30.0841115606,2.99550884603,OFF,0,2.99550884603,23.4805376316,36.6876854896
8,house_3_8B_tm_3_B_8_Meter_64_704,44.1552452712,6.84390467308,ON,0,6.84390467308,29.3306155621,58.9798749803
8,house_3_8A_tm_3_A_8_Meter_79_946,29.7072969307,5.63824032964,OFF,0,5.63824032964,18.865930775,40.5486630865
8,house_3_7C_tm_3_C_7_Meter_102_1165,26.8427976658,1.73644110054,OFF,0,1.73644110054,12.2327472915,41.4528480401
8,house_3_4A_tm_3_A_4_Meter_79_942,20.1519548113,1.73586059692,OFF,0,1.73586059692,0,40.3039096226
8,house_3_15C_tm_3_C_15_Meter_85_1014,41.2036484906,5.1916992212,OFF,0,5.1916992212,38.4690203608,43.9382766205
8,house_3_15C_tm_3_C_15_Meter_62_681,24.5904515137,2.98769212513,OFF,0,2.98769212513,16.0066104912,33.1742925362
8,house_3_5A_tm_3_A_5_Meter_82_973,37.9469139597,6.07314807347,OFF,0,6.07314807347,34.2249127607,41.6689151587
8,house_3_1C_tm_3_C_1_Meter_84_992,21.9593932408,6.05839740553,OFF,0,6.05839740553,11.7767931863,32.1419932954
8,house_3_12A_tm_3_A_12_Meter_76_875,34.2670478736,5.20778764834,OFF,0,5.20778764834,26.2342754111,42.299820336
8,house_3_2C_tm_3_C_2_Meter_85_1001,39.2693864707,5.62305421465,OFF,0,5.62305421465,34.7910872212,43.7476857203
8,house_3_1A_tm_3_A_1_Meter_65_725,29.5319846521,4.6780773362,OFF,0,4.6780773362,26.4404184056,32.6235508987
8,house_3_4B_tm_3_B_4_Meter_95_1101,24.3614992553,6.06186947938,OFF,0,6.06186947938,14.6175108111,34.1054876995
8,house_3_12C_tm_3_C_12_Meter_104_1193,44.1518817982,5.19853653643,ON,0,5.19853653643,42.1288958925,46.174867704
8,house_3_1C_tm_3_C_1_Meter_104_1182,27.5216521929,5.63129081809,ON,0,1.20017009052,0,55.0433043857
8,house_3_8B_tm_3_B_8_Meter_80_961,31.6366062127,5.20658504729,OFF,0,5.20658504729,26.3888189235,36.8843935019
8,house_3_4B_tm_3_B_4_Meter_99_1132,22.5593251359,5.6472973875,OFF,0,5.6472973875,16.7578951446,28.3607551272
8,house_3_5A_tm_3_A_5_Meter_111_1246,36.3970500972,4.75142251307,OFF,0,4.75142251307,31.5152934729,41.2788067216
8,house_3_10A_tm_3_A_10_Meter_63_691,37.3911377275,4.25750097682,OFF,0,4.25750097682,33.634568741,41.147706714
8,house_3_10C_tm_3_C_10_Meter_65_744,13.2119128286,5.11140202378,OFF,0,5.11140202378,1.69218043357,24.7316452236
8,house_3_14C_tm_3_C_14_Meter_66_758,22.1584213831,2.98024749648,OFF,0,2.98024749648,5.02656720899,39.2902755573
8,house_3_10B_tm_3_B_10_Meter_77_933,18.9642326301,2.17069337307,OFF,0,2.17069337307,0,37.9284652602
8,house_3_5A_tm_3_A_5_Meter_70_800,27.1656661746,6.06689049842,OFF,0,6.06689049842,19.7525619986,34.5787703505
8,house_3_4B_tm_3_B_4_Meter_64_700,49.2829281731,2.56785206572,ON,0,1.16318294146,47.742876123,50.8229802232
8,house_3_9A_tm_3_A_9_Meter_113_1266,21.2716300147,2.59107638478,OFF,0,2.59107638478,0,42.5432600294
8,house_3_5B_tm_3_B_5_Meter_95_1102,31.25620536,2.16582677854,OFF,0,2.16582677854,20.1637578544,42.3486528655
8,house_3_22B_tm_3_B_22_Meter_64_718,41.7184296164,5.56133563079,OFF,0,5.56133563079,39.5913742583,43.8454849745
8,house_3_8B_tm_3_B_8_Meter_96_1113,28.8307422075,6.05963886455,OFF,0,6.05963886455,21.0131900578,36.6482943572
8,house_3_9A_tm_3_A_9_Meter_94_1091,46.7589436144,6.06267978438,ON,0,6.06267978438,40.8804265459,52.6374606829
8,house_3_9B_tm_3_B_9_Meter_77_932,41.7338334028,4.77539956576,OFF,0,4.77539956576,39.7648471546,43.7028196509
8,house_3_9C_tm_3_C_9_Meter_75_857,20.4980017516,2.16628267001,OFF,0,2.16628267001,0,40.9960035031
8,house_3_5A_tm_3_A_5_Meter_63_686,30.2244573141,4.67903584858,OFF,0,4.67903584858,23.6541101705,36.7948044577
8,house_3_3B_tm_3_B_3_Meter_64_699,40.307832102,4.27866670836,OFF,0,4.27866670836,38.7258194835,41.8898447205
8,house_3_10B_tm_3_B_10_Meter_80_963,30.973087385,4.33770825641,OFF,0,4.33770825641,21.0739944892,40.8721802807
8,house_3_10A_tm_3_A_10_Meter_98_1123,31.0676937609,6.08053728201,OFF,0,6.08053728201,25.6557858055,36.4796017164
8,house_3_12C_tm_3_C_12_Meter_66_756,35.3925720602,6.38075956127,OFF,0,6.38075956127,31.6131364616,39.1720076589
8,house_3_8C_tm_3_C_8_Meter_103_1174,20.305621664,3.90288148844,OFF,0,3.90288148844,5.74463257606,34.866610752
8,house_3_3A_tm_3_A_3_Meter_79_941,25.906303045,4.77268105955,OFF,0,4.77268105955,12.6682635551,39.1443425349
8,house_3_2C_tm_3_C_2_Meter_75_850,44.1643391768,2.60015128765,ON,0,2.60015128765,10.5064897066,77.8221886469
8,house_3_20B_tm_3_B_20_Meter_64_716,24.7071778889,2.99613554034,OFF,0,2.99613554034,12.9903067382,36.4240490395
8,house_3_15B_tm_3_B_15_Meter_64_711,35.9035734927,4.70749729944,OFF,0,4.70749729944,32.1419471279,39.6651998574
8,house_3_1A_tm_3_A_1_Meter_111_1242,33.9766524811,3.02486411842,OFF,0,3.02486411842,26.6503426218,41.3029623403
8,house_3_3A_tm_3_A_3_Meter_68_775,27.0620407883,3.03944605234,OFF,0,3.03944605234,17.6621696938,36.4619118829
8,house_3_6A_tm_3_A_6_Meter_94_1088,29.3736742401,2.166129952,OFF,0,2.166129952,21.1327923846,37.6145560955
8,house_3_10B_tm_3_B_10_Meter_99_1138,43.014616464,4.34414645421,ON,0,4.34414645421,42.2207420514,43.8084908766
8,house_3_6A_tm_3_A_6_Meter_76_869,27.8844819918,4.34091504144,OFF,0,4.34091504144,21.442173137,34.3267908466
8,house_3_18B_tm_3_B_18_Meter_64_714,14.4617897123,4.27723234873,OFF,0,4.27723234873,0,28.9235794246
8,house_3_1B_tm_3_B_1_Meter_95_1098,29.2228963658,6.06307017577,OFF,0,6.06307017577,20.4389845732,38.0068081584
8,house_3_11C_tm_3_C_11_Meter_73_829,24.3872254326,1.73567299713,OFF,0,1.73567299713,8.81058445549,39.9638664098
8,house_3_4A_tm_3_A_4_Meter_65_728,39.8043149487,3.82995835054,OFF,0,3.82995835054,34.9926148428,44.6160150546
8,house_3_2B_tm_3_B_2_Meter_87_1024,42.8522115312,3.03438766683,ON,0,3.03438766683,40.2817345379,45.4226885245
8,house_3_7B_tm_3_B_7_Meter_86_1021,25.7825079408,3.47037080948,OFF,0,3.47037080948,20.5295751888,31.0354406929
8,house_3_1A_tm_3_A_1_Meter_60_659,36.0754062731,6.45119430451,OFF,0,6.45119430451,32.3457606292,39.8050519169
8,house_3_14C_tm_3_C_14_Meter_100_1157,51.8675103259,3.04058266148,OFF,0,2.97782720662,51.6658208768,52.069199775
8,house_3_1A_tm_3_A_1_Meter_82_969,32.9157262159,2.60393090503,OFF,0,2.60393090503,26.7567208333,39.0747315986
8,house_3_7A_tm_3_A_7_Meter_88_1044,22.2320602681,6.0666708144,OFF,0,6.0666708144,4.19363864728,40.2704818888
8,house_3_6A_tm_3_A_6_Meter_68_778,35.0021181737,6.51294864617,OFF,0,6.51294864617,29.2088511997,40.7953851477
8,house_3_7A_tm_3_A_7_Meter_60_665,24.9921396513,4.2557440923,OFF,0,4.2557440923,10.3949962975,39.5892830051
8,house_3_3A_tm_3_A_3_Meter_65_727,34.0263976067,4.25335725512,OFF,0,4.25335725512,30.0386330417,38.0141621716
8,house_3_9C_tm_3_C_9_Meter_85_1008,23.0490715964,5.18950079807,OFF,0,5.18950079807,13.5468265921,32.5513166006
8,house_3_5A_tm_3_A_5_Meter_113_1262,36.3239607706,3.0208502065,OFF,0,3.0208502065,30.2883141694,42.3596073718
8,house_3_12C_tm_3_C_12_Meter_73_830,34.1245646941,3.90367182557,OFF,0,3.90367182557,27.8139887732,40.435140615
8,house_3_13C_tm_3_C_13_Meter_75_861,27.2957362653,2.16636719699,OFF,0,2.16636719699,14.1789318975,40.4125406332
8,house_3_5C_tm_3_C_5_Meter_65_739,37.8519462296,5.10791514828,OFF,0,5.10791514828,35.3977134241,40.306179035
8,house_3_14C_tm_3_C_14_Meter_62_680,44.6008290248,3.413500193,ON,0,3.413500193,43.3448338179,45.8568242317
8,house_3_15B_tm_3_B_15_Meter_76_904,27.087365291,1.7369863841,OFF,0,1.7369863841,15.9623968416,38.2123337403
8,house_3_7A_tm_3_A_7_Meter_70_802,33.8669124152,5.20204687361,OFF,0,5.20204687361,27.6914202603,40.0424045701
8,house_3_6B_tm_3_B_6_Meter_95_1103,35.4150659188,5.62968305508,OFF,0,5.62968305508,30.1077892448,40.7223425929
8,house_3_24B_tm_3_B_24_Meter_64_720,20.290825359,5.56328448402,OFF,0,5.56328448402,10.913788137,29.667862581
8,house_3_13B_tm_3_B_13_Meter_106_1209,45.4864754791,5.64657106461,ON,0,5.64657106461,39.2664347801,51.7065161781
8,house_3_7B_tm_3_B_7_Meter_99_1135,30.4282419262,5.21291142518,OFF,0,5.21291142518,25.929738183,34.9267456694
8,house_3_4C_tm_3_C_4_Meter_104_1185,40.685267571,6.06328576149,ON,0,6.06328576149,27.0478484148,54.3226867273
8,house_3_3B_tm_3_B_3_Meter_90_1055,20.1868652355,2.5991760186,OFF,0,2.5991760186,0,40.373730471
8,house_3_6B_tm_3_B_6_Meter_76_895,25.4284759561,5.64390182585,OFF,0,5.64390182585,19.432558162,31.4243937503
8,house_3_2B_tm_3_B_2_Meter_77_925,18.6077998831,1.73631626004,OFF,0,1.73631626004,0,37.2155997663
8,house_3_7A_tm_3_A_7_Meter_68_779,41.5098272909,4.34229062384,OFF,0,4.34229062384,40.23660066,42.7830539217
8,house_3_16C_tm_3_C_16_Meter_66_760,19.1916737612,3.40798763287,OFF,0,3.40798763287,0,38.3833475224
